price;usable_area;parking_lots;terrace;balcony;loggia;cellar;low_energy;easy_access;garage;elevator;material_brick;material_panel;Prague_1;Prague_2;Prague_3;Prague_4;Prague_5;Prague_6;Prague_7;Prague_8;Prague_9;floor_ground;floor_above_ground;status_good;status_very_good;status_after_reconstruction;kitchen_separately;nonresidential_unit;fully_furnished;partially_furnished;code;timestamp
18900.0;45;0;0;0;0;0;0;0;0;0;0;0;0;0;0;0;0;0;0;1;0;0;1;0;1;0;0;0;0;0;1662267980;2025-01-29 17:40:05
23000.0;90;1;1;0;0;0;0;1;0;0;1;0;0;0;0;0;1;0;0;0;0;1;0;0;1;0;0;0;1;0;908668252;2025-01-29 20:01:00
26000.0;63;0;0;1;0;0;0;0;0;1;0;0;0;0;0;0;0;0;0;0;0;0;1;0;0;0;0;0;1;0;2182750796;2025-01-29 19:50:13
13000.0;32;0;0;0;0;0;0;0;0;1;0;0;0;0;0;0;1;0;0;0;0;0;1;0;1;0;0;0;0;0;1103635020;2025-01-29 17:40:05
15500.0;30;0;0;0;0;0;0;0;0;0;1;0;0;0;0;0;0;0;1;0;0;0;1;1;0;0;0;0;0;0;1925718604;2025-01-29 17:40:05
29500.0;86;0;0;0;1;0;0;0;0;1;1;0;0;1;0;0;0;0;0;0;0;0;1;0;0;1;0;0;0;1;403911244;2025-01-29 17:40:05
18000.0;53;0;0;0;0;1;0;0;0;0;0;0;0;0;0;0;0;0;0;0;1;0;1;0;1;0;1;0;0;0;983425612;2025-01-29 19:50:13
20000.0;50;0;0;0;0;0;0;0;0;1;1;0;0;0;0;0;0;0;0;0;1;0;1;0;1;0;0;0;0;0;3753517644;2025-01-29 19:50:13
18000.0;55;0;0;0;0;1;0;0;0;0;1;0;0;0;0;0;0;1;0;0;0;0;1;0;1;0;1;0;0;0;1102565964;2025-01-29 20:01:00
18000.0;38;0;0;0;0;1;0;0;0;1;1;0;0;1;0;0;0;0;0;0;0;0;1;0;0;1;0;0;0;0;3938464332;2025-01-29 20:01:00
21000.0;53;1;0;1;0;0;0;0;0;1;1;0;0;0;0;0;0;0;0;0;1;0;1;0;0;0;0;0;1;0;3599839820;2025-01-29 20:01:00
25500.0;51;0;0;0;0;1;0;0;0;1;1;0;0;0;0;0;0;0;1;0;0;0;1;0;1;0;0;0;0;0;3275092556;2025-01-29 20:01:00
18000.0;33;1;0;0;0;1;0;0;1;1;0;0;0;0;0;1;0;0;0;0;0;1;0;0;0;0;0;0;0;0;697049676;2025-01-29 17:40:05
36000.0;150;0;0;0;0;0;0;0;0;1;1;0;0;0;0;0;0;0;1;0;0;0;1;1;0;0;1;0;0;0;2485199436;2025-01-29 17:40:05
16500.0;40;1;0;1;0;0;0;0;0;0;1;0;0;0;0;0;0;0;0;1;0;1;0;0;1;0;1;0;0;0;297804364;2025-01-29 17:40:05
31000.0;67;0;0;1;0;0;0;0;0;1;1;0;0;1;0;0;0;0;0;0;0;0;1;0;0;1;0;0;1;0;3100688972;2025-01-29 17:40:05
16500.0;27;0;0;0;0;0;0;0;0;1;1;0;0;1;0;0;0;0;0;0;0;0;1;0;1;0;0;0;1;0;1535431244;2025-01-29 17:40:05
23500.0;51;1;0;1;0;1;0;1;0;1;0;0;0;0;0;0;0;0;0;0;0;0;1;0;1;0;0;0;0;0;2644456012;2025-01-29 17:40:05
23900.0;32;0;1;0;0;1;0;1;0;1;1;0;0;0;1;0;0;0;0;0;0;0;1;0;0;0;0;0;0;1;3134857804;2025-01-29 17:40:05
23350.0;45;0;0;1;0;0;0;0;0;1;1;0;0;0;0;0;0;0;1;0;0;0;1;0;1;0;0;0;0;0;1090527820;2025-01-29 17:40:05
34500.0;100;0;0;1;0;1;0;0;0;1;0;1;0;0;0;1;0;0;0;0;0;0;1;0;0;1;1;0;0;0;2384081484;2025-01-29 17:40:05
16990.0;45;0;0;1;0;0;0;1;0;1;1;0;0;0;0;0;0;0;0;0;1;0;1;0;0;0;0;0;0;0;553267788;2025-01-29 17:40:05
17990.0;38;0;0;0;1;0;0;1;0;1;0;0;0;0;1;0;0;0;0;0;0;0;1;0;0;0;0;0;0;1;3823776332;2025-01-29 17:40:05
23490.0;75;0;0;0;0;0;0;0;0;0;1;0;0;0;0;0;0;0;0;0;1;0;1;1;0;0;1;0;0;1;2918658636;2025-01-29 17:40:05
29990.0;53;0;0;1;0;0;0;0;1;1;1;0;0;0;0;0;0;0;0;1;0;0;1;0;1;0;0;0;0;1;2963288652;2025-01-29 17:40:05
18300.0;36;0;0;0;0;0;0;0;0;0;1;0;0;0;1;0;0;0;0;0;0;0;1;0;1;0;0;0;0;0;2080121420;2025-01-29 17:40:05
17990.0;40;0;1;1;0;1;0;0;0;1;1;0;0;0;0;0;1;0;0;0;0;0;1;0;0;0;0;0;1;0;26288716;2025-01-29 17:40:05
28000.0;41;0;1;0;0;0;0;1;0;1;1;0;0;0;0;1;0;0;0;0;0;0;1;0;1;0;0;0;0;0;2048049740;2025-01-29 17:40:05
49900.0;156;0;1;0;0;1;0;0;0;1;0;0;0;0;0;0;0;0;0;0;0;0;1;0;0;0;0;0;0;0;981910092;2025-01-29 17:40:05
21000.0;50;0;0;1;0;0;0;1;0;1;1;0;0;0;0;0;1;0;0;0;0;0;1;0;0;0;0;0;0;1;940687948;2025-01-29 17:40:05
21800.0;41;0;0;0;0;0;0;0;0;1;1;0;0;1;0;0;0;0;0;0;0;1;0;0;1;0;1;0;0;0;3796705868;2025-01-29 17:40:05
21000.0;37;0;0;0;0;0;0;0;0;1;0;0;0;1;0;0;0;0;0;0;0;1;0;0;1;0;0;0;0;0;2534879820;2025-01-29 17:40:05
22000.0;37;0;0;0;0;0;0;0;0;1;1;0;0;1;0;0;0;0;0;0;0;0;1;0;1;0;0;0;0;0;2987704908;2025-01-29 17:40:05
26000.0;58;0;0;0;0;0;0;0;0;1;1;0;0;1;0;0;0;0;0;0;0;0;1;0;1;0;0;0;0;0;4165784140;2025-01-29 17:40:05
31000.0;65;0;0;0;0;0;0;0;0;1;1;0;0;1;0;0;0;0;0;0;0;0;1;0;0;1;1;0;1;0;3429352012;2025-01-29 17:40:05
52500.0;87;0;0;0;0;0;0;0;0;1;0;0;1;0;0;0;0;0;0;0;0;0;1;0;1;0;0;0;0;0;3384877644;2025-01-29 17:40:05
21000.0;55;0;0;1;0;0;0;0;0;0;1;0;0;0;0;0;0;0;0;1;0;0;1;0;1;0;0;0;1;0;3720421964;2025-01-29 17:40:05
85000.0;120;1;0;0;0;1;0;0;1;1;1;0;0;1;0;0;0;0;0;0;0;0;1;0;0;1;0;0;1;0;1474069068;2025-01-29 17:40:05
30000.0;73;0;0;1;0;0;0;0;0;1;1;0;1;0;0;0;0;0;0;0;0;0;1;0;0;1;1;0;0;0;1208005196;2025-01-29 17:40:05
24000.0;55;0;0;1;0;1;0;1;0;1;0;0;0;0;0;0;0;0;0;0;1;0;1;0;0;0;0;0;0;1;4239471180;2025-01-29 17:40:05
22300.0;42;0;0;0;0;0;0;0;0;0;1;0;1;0;0;0;0;0;0;0;0;0;1;0;1;0;0;0;1;0;1486959180;2025-01-29 17:40:05
21990.0;33;0;0;0;0;0;0;0;0;1;1;0;0;1;0;0;0;0;0;0;0;0;1;0;1;0;0;0;0;0;2235552332;2025-01-29 17:40:05
25500.0;60;0;0;1;0;0;0;0;0;0;0;0;0;0;0;0;0;0;0;1;0;0;1;0;0;0;0;0;0;0;911417932;2025-01-29 17:40:05
22500.0;51;0;0;1;0;0;0;1;1;1;1;0;0;0;0;0;0;0;0;0;1;1;0;0;1;0;0;0;0;0;550298188;2025-01-29 17:40:05
57000.0;146;0;1;0;0;1;0;0;1;1;1;0;0;0;0;0;0;1;0;0;0;0;1;1;0;0;0;0;0;0;1586422348;2025-01-29 17:40:05
31000.0;50;0;0;1;1;0;0;0;0;1;1;0;0;1;0;0;0;0;0;0;0;1;0;0;1;0;1;0;1;0;2465411660;2025-01-29 17:40:05
31000.0;65;0;0;1;0;0;0;0;0;1;0;0;0;1;0;0;0;0;0;0;0;0;1;0;1;0;1;0;1;0;2860565068;2025-01-29 17:40:05
15500.0;49;0;0;1;0;1;0;0;0;1;1;0;0;0;0;0;0;0;0;0;0;0;1;0;0;0;1;0;0;0;533017164;2025-01-29 17:40:05
34000.0;78;0;0;0;0;0;0;0;0;1;1;0;1;0;0;0;0;0;0;0;0;1;0;0;1;0;1;0;1;0;3570655820;2025-01-29 17:40:05
16000.0;45;0;0;0;0;0;0;0;0;0;1;0;0;0;0;0;0;0;0;0;0;1;0;0;1;0;1;0;0;0;46277196;2025-01-29 17:40:05
26500.0;68;0;0;0;0;1;0;0;0;0;1;0;0;0;0;0;0;0;0;1;0;0;1;0;0;1;1;0;0;0;3471516236;2025-01-29 17:40:05
20000.0;47;0;1;0;0;0;0;0;0;0;1;0;0;0;0;0;1;0;0;0;0;1;0;0;1;0;0;0;0;0;4064621132;2025-01-29 17:40:05
28000.0;77;0;0;0;0;0;0;0;0;0;1;0;0;1;0;0;0;0;0;0;0;0;1;0;1;0;0;0;0;0;2876908108;2025-01-29 17:40:05
18000.0;35;0;0;0;0;0;0;0;0;0;1;0;0;1;0;0;0;0;0;0;0;0;1;0;1;0;0;0;1;0;2855412300;2025-01-29 17:40:05
18900.0;52;0;0;0;0;0;0;0;0;1;0;1;0;0;0;1;0;0;0;0;0;0;1;0;1;0;1;0;1;0;3140624972;2025-01-29 17:40:05
24990.0;105;1;0;0;0;0;0;0;0;0;1;0;0;0;0;0;0;1;0;0;0;0;1;1;0;0;1;0;0;1;1899110988;2025-01-29 17:40:05
20000.0;61;0;0;0;0;0;0;0;0;0;1;0;0;0;1;0;0;0;0;0;0;1;0;0;0;1;1;0;0;0;3325174348;2025-01-29 17:40:05
29000.0;52;1;0;1;0;1;0;0;0;1;1;0;0;0;0;0;0;0;0;0;1;0;1;0;0;0;0;0;0;0;2374840908;2025-01-29 17:40:05
27900.0;52;1;0;1;0;0;0;1;1;1;1;0;0;0;0;0;0;0;0;0;1;0;1;0;0;0;0;0;1;0;1668424268;2025-01-29 17:40:05
17000.0;31;0;0;0;0;0;0;0;0;1;1;0;0;0;0;1;0;0;0;0;0;0;1;0;0;1;1;0;0;0;466731596;2025-01-29 17:40:05
17000.0;54;0;0;1;0;0;0;0;0;1;0;0;0;0;1;0;0;0;0;0;0;0;1;0;0;0;1;0;0;1;983769676;2025-01-29 17:40:05
20000.0;78;0;0;0;1;1;0;0;0;1;0;1;0;0;0;1;0;0;0;0;0;0;1;0;0;1;1;0;0;0;3108905548;2025-01-29 17:40:05
11000.0;35;1;0;0;0;0;0;0;0;0;1;0;0;0;0;0;0;0;0;0;0;0;1;0;0;1;0;0;1;0;1180119628;2025-01-29 17:40:05
19300.0;50;1;0;1;1;1;0;0;0;1;0;1;0;0;0;0;0;0;0;0;0;0;1;1;0;0;0;0;0;0;1539031628;2025-01-29 17:40:05
24500.0;83;0;1;1;1;0;0;0;0;1;1;0;0;0;0;0;0;0;0;0;1;0;1;0;0;0;0;0;0;1;1170420300;2025-01-29 17:40:05
32000.0;69;0;0;0;1;1;0;1;0;1;0;0;0;0;0;0;0;1;0;0;0;0;1;0;1;0;0;0;0;1;3148849740;2025-01-29 17:40:05
23500.0;65;1;1;1;0;0;0;0;1;1;0;0;0;0;0;0;0;1;0;0;0;1;0;0;0;0;0;0;1;0;1035149900;2025-01-29 17:40:05
21000.0;55;0;0;1;0;0;0;0;0;0;1;0;0;0;0;0;0;0;0;1;0;0;1;0;1;0;0;0;1;0;3707970124;2025-01-29 17:40:05
21000.0;54;0;0;1;0;0;0;1;1;1;1;0;0;0;0;0;0;0;0;0;0;0;1;0;1;0;0;0;0;1;268640844;2025-01-29 17:40:05
19800.0;47;0;0;1;0;1;0;0;0;0;1;0;0;0;0;1;0;0;0;0;0;0;1;0;0;0;0;0;0;0;4063437388;2025-01-29 17:40:05
78000.0;165;0;0;1;0;0;0;0;0;1;1;0;1;0;0;0;0;0;0;0;0;0;1;0;1;0;1;0;0;0;2286789196;2025-01-29 17:40:05
21900.0;55;0;0;1;0;0;0;1;1;1;1;0;0;0;0;0;0;1;0;0;0;0;1;0;0;0;0;0;0;1;275112524;2025-01-29 17:40:05
16000.0;33;0;0;0;0;0;0;0;0;0;1;0;0;0;0;0;0;1;0;0;0;0;1;0;1;0;0;0;0;0;3695387212;2025-01-29 17:40:05
29900.0;65;0;0;0;0;0;0;0;0;0;1;0;0;0;0;0;0;0;1;0;0;1;0;0;0;0;0;0;0;0;2372084300;2025-01-29 17:40:05
35000.0;65;0;0;0;0;0;0;0;0;0;1;0;0;1;0;0;0;0;0;0;0;0;1;0;1;0;0;0;0;0;1600660044;2025-01-29 17:40:05
36500.0;91;0;0;1;0;1;0;1;1;1;0;0;0;0;0;0;0;0;0;1;0;0;1;0;0;0;0;0;0;0;3904643660;2025-01-29 17:40:05
18000.0;44;0;0;1;0;0;0;0;0;1;0;0;0;0;0;1;0;0;0;0;0;0;1;1;0;0;0;0;0;1;213656140;2025-01-29 17:40:05
26990.0;66;1;1;0;0;1;0;1;1;1;1;0;0;0;0;0;0;0;0;0;1;0;1;0;1;0;0;0;0;1;4294713932;2025-01-29 17:40:05
21990.0;56;0;1;1;1;0;0;1;1;1;1;0;0;0;0;0;1;0;0;0;0;0;1;0;1;0;0;0;0;0;855384652;2025-01-29 17:40:05
19990.0;43;0;0;0;0;1;0;0;0;1;0;1;0;0;0;1;0;0;0;0;0;0;1;1;0;0;0;0;0;0;2549883468;2025-01-29 17:40:05
35000.0;59;1;1;0;0;1;0;0;1;1;0;0;0;0;0;0;0;0;0;1;0;0;1;0;0;0;0;0;1;0;3421250124;2025-01-29 17:40:05
22990.0;57;1;1;1;1;0;0;0;1;1;1;0;0;0;0;0;0;0;0;0;1;0;1;0;0;0;0;0;1;0;3454804556;2025-01-29 17:40:05
16000.0;26;0;0;0;1;1;0;0;0;0;0;1;0;0;0;0;0;0;0;0;1;0;1;0;0;1;1;0;0;0;3179029068;2025-01-29 17:40:05
38000.0;104;0;0;0;0;0;0;0;0;1;1;0;0;0;0;0;0;1;0;0;0;0;1;0;0;0;0;0;1;0;2948407884;2025-01-29 17:40:05
30000.0;90;0;0;0;0;0;0;0;0;0;1;0;0;0;0;0;0;0;0;0;0;0;1;0;1;0;0;0;0;0;756560460;2025-01-29 19:50:13
18000.0;56;1;0;1;0;1;0;1;0;0;1;0;0;0;0;0;0;1;0;0;0;1;0;0;1;0;1;0;1;0;2471875148;2025-01-29 19:50:13
25000.0;55;0;0;0;0;1;0;0;0;1;1;0;0;0;1;0;0;0;0;0;0;0;1;0;0;1;1;0;1;0;3904381516;2025-01-29 19:50:13
24000.0;76;0;0;0;1;0;0;0;0;1;0;1;0;0;0;0;1;0;0;0;0;0;1;0;1;0;1;0;0;1;1272853068;2025-01-29 19:50:13
20000.0;68;0;0;0;1;1;0;0;1;1;0;1;0;0;0;0;1;0;0;0;0;0;1;0;1;0;0;0;0;0;2571907660;2025-01-29 19:50:13
15900.0;32;0;0;0;1;0;0;0;0;0;1;0;0;0;0;0;0;0;0;0;0;1;0;0;1;0;0;0;0;0;44417612;2025-01-29 19:50:13
21000.0;73;0;0;0;1;1;0;0;0;1;0;1;0;0;0;1;0;0;0;0;0;0;1;0;1;0;1;0;0;1;4101841484;2025-01-29 19:50:13
22990.0;52;0;0;1;1;1;0;0;0;1;0;1;0;0;0;0;0;0;0;0;0;0;1;0;1;0;1;0;0;1;3068011084;2025-01-29 19:50:13
12900.0;18;0;0;0;0;0;0;0;0;0;1;0;0;0;0;0;0;0;0;0;0;1;0;0;1;0;0;0;0;0;1342054988;2025-01-29 19:50:13
26990.0;68;0;0;0;0;0;0;1;0;1;0;1;0;0;0;1;0;0;0;0;0;0;1;1;0;0;0;0;1;0;2129535564;2025-01-29 19:50:13
10500.0;16;0;0;0;0;0;0;0;0;0;1;0;0;0;0;0;0;0;0;1;0;0;1;0;0;1;0;0;0;0;309117516;2025-01-29 19:50:13
39990.0;50;0;1;0;0;1;0;1;1;1;0;0;0;0;0;1;0;0;0;0;0;0;1;0;0;0;0;0;1;0;4039295564;2025-01-29 19:50:13
22000.0;67;0;0;1;0;1;0;0;1;1;0;0;0;0;0;1;0;0;0;0;0;0;1;0;0;0;0;0;0;0;1585324620;2025-01-29 19:50:13
24500.0;35;0;0;0;0;0;0;0;0;0;1;0;1;0;0;0;0;0;0;0;0;0;1;0;1;0;0;0;1;0;4116169292;2025-01-29 19:50:13
45000.0;104;0;1;0;0;0;0;1;1;1;1;0;0;0;0;0;1;0;0;0;0;0;1;0;0;0;0;0;0;1;513200716;2025-01-29 19:50:13
35000.0;87;0;0;0;0;1;0;0;0;1;1;0;0;0;0;1;0;0;0;0;0;0;1;0;1;0;0;0;1;0;2755449420;2025-01-29 19:50:13
49900.0;87;1;0;1;0;1;0;0;1;1;1;0;0;0;0;0;0;0;0;1;0;0;1;0;1;0;0;0;1;0;3089285708;2025-01-29 19:50:13
15000.0;15;0;0;0;0;0;0;1;0;1;1;0;0;0;0;0;0;0;1;0;0;0;1;0;0;0;0;0;0;1;3721933388;2025-01-29 19:50:13
23000.0;56;1;0;1;0;1;0;1;0;1;0;0;0;0;0;0;1;0;0;0;0;1;0;0;0;0;0;0;1;0;1430729292;2025-01-29 19:50:13
19000.0;35;1;0;1;0;0;0;0;0;1;0;0;0;0;0;0;0;0;0;0;1;0;1;0;0;0;0;0;0;1;1320628812;2025-01-29 19:50:13
13000.0;33;1;0;0;0;0;0;1;0;1;1;0;0;0;0;0;1;0;0;0;0;0;1;0;1;0;0;0;1;0;840766540;2025-01-29 19:50:13
47000.0;92;1;0;1;0;0;0;0;1;1;0;0;0;0;0;0;0;1;0;0;0;0;1;0;0;0;0;0;0;1;2017010252;2025-01-29 19:50:13
25000.0;57;0;0;0;0;1;0;0;0;1;1;0;0;0;0;0;0;0;1;0;0;0;1;0;0;1;1;0;1;0;1538077260;2025-01-29 19:50:13
26990.0;75;0;0;1;0;0;0;0;0;0;1;0;0;0;1;0;0;0;0;0;0;0;1;1;0;0;1;0;0;0;723067468;2025-01-29 19:50:13
49900.0;102;1;1;0;0;1;0;1;0;1;1;0;0;0;0;1;0;0;0;0;0;0;1;0;0;0;0;0;1;0;2258035276;2025-01-29 19:50:13
18400.0;20;0;0;0;0;0;0;0;0;0;1;0;0;0;0;0;0;0;0;0;1;0;1;0;1;0;0;0;0;1;1573073484;2025-01-29 19:50:13
27000.0;45;0;0;1;0;0;0;0;0;1;0;0;0;0;1;0;0;0;0;0;0;0;1;0;0;0;0;0;0;1;1203274316;2025-01-29 19:50:13
19500.0;50;0;0;0;0;0;0;0;0;0;1;0;0;0;0;0;1;0;0;0;0;1;0;0;1;0;0;0;1;0;3474530892;2025-01-29 19:50:13
49000.0;73;0;0;0;0;0;0;1;0;1;1;0;0;1;0;0;0;0;0;0;0;1;0;0;0;0;0;0;1;0;680456780;2025-01-29 19:50:13
33000.0;109;1;0;0;0;0;0;0;0;1;1;0;0;0;0;0;1;0;0;0;0;0;1;0;0;0;0;0;1;0;2007794252;2025-01-29 19:50:13
22900.0;58;0;0;0;0;0;0;0;0;1;0;1;0;0;0;1;0;0;0;0;0;0;1;0;0;1;1;0;0;0;734143052;2025-01-29 19:50:13
19500.0;55;0;0;1;0;0;0;0;0;0;1;0;0;0;0;0;0;0;0;0;0;0;1;0;0;0;0;0;0;0;1928839756;2025-01-29 19:50:13
25000.0;71;0;0;0;0;1;0;0;0;0;1;0;0;0;0;0;0;0;1;0;0;0;1;0;1;0;1;0;1;0;1032790604;2025-01-29 19:50:13
42000.0;145;0;0;0;0;1;0;0;1;0;1;0;0;0;0;0;0;0;1;0;0;1;0;0;0;0;0;0;0;0;145695308;2025-01-29 19:50:13
22490.0;41;0;0;0;0;0;0;0;0;1;1;0;0;1;0;0;0;0;0;0;0;0;1;1;0;0;0;0;1;0;1773085260;2025-01-29 19:50:13
48000.0;125;0;0;0;0;1;0;0;1;1;1;0;0;0;0;0;0;0;1;0;0;1;0;0;0;0;0;0;0;0;3972997708;2025-01-29 19:50:13
25000.0;57;0;0;0;0;0;0;0;0;0;1;0;0;0;0;0;1;0;0;0;0;1;0;0;1;0;1;0;1;0;117383756;2025-01-29 19:50:13
31000.0;65;0;0;0;0;0;0;0;0;0;1;0;0;1;0;0;0;0;0;0;0;1;0;0;1;0;1;0;0;0;3303223884;2025-01-29 19:50:13
30000.0;100;0;0;0;0;0;0;0;0;1;1;0;0;1;0;0;0;0;0;0;0;0;1;0;1;0;1;0;0;0;1481581132;2025-01-29 19:50:13
22000.0;44;0;0;1;0;0;0;0;0;0;1;0;0;0;0;0;0;1;0;0;0;0;1;0;0;1;1;0;0;1;813638220;2025-01-29 19:50:13
31000.0;65;0;0;0;0;0;0;0;0;1;1;0;0;1;0;0;0;0;0;0;0;0;1;0;1;0;1;0;1;0;3464544844;2025-01-29 19:50:13
13000.0;22;0;0;0;0;0;0;0;0;0;1;0;0;0;0;1;0;0;0;0;0;1;0;1;0;0;0;0;0;0;1993876044;2025-01-29 19:50:13
22990.0;71;0;0;1;1;0;0;0;0;1;0;1;0;0;0;0;1;0;0;0;0;0;1;0;1;0;0;0;0;0;3538428492;2025-01-29 19:50:13
22900.0;32;1;0;0;0;1;0;0;1;0;0;0;0;0;0;0;0;0;0;1;0;0;1;0;0;0;0;1;1;0;2014847564;2025-01-29 19:50:13
18000.0;44;0;0;0;0;1;0;0;0;1;0;1;0;0;0;1;0;0;0;0;0;0;1;0;1;0;0;0;0;1;1109926476;2025-01-29 19:50:13
24000.0;57;1;1;0;0;1;0;0;0;0;1;0;0;0;0;0;0;0;0;0;1;1;0;0;0;0;0;0;0;0;1079517772;2025-01-29 19:50:13
21000.0;45;0;0;0;0;1;0;0;0;0;1;0;0;0;0;0;0;0;0;0;0;0;1;0;1;0;0;0;0;1;1415062092;2025-01-29 19:50:13
20000.0;45;0;0;1;0;1;0;1;0;1;1;0;0;0;0;0;0;1;0;0;0;0;1;0;1;0;0;0;0;1;2902340172;2025-01-29 19:50:13
20000.0;42;0;0;1;0;0;0;1;0;1;1;0;0;0;0;0;0;0;0;0;0;0;1;0;0;0;0;0;0;1;744305228;2025-01-29 19:50:13
18000.0;40;1;0;1;0;1;0;0;0;0;1;0;0;0;0;0;0;0;0;0;0;1;0;0;1;0;0;0;0;0;3509437004;2025-01-29 19:50:13
20000.0;45;0;1;0;0;0;0;0;0;0;0;0;0;0;1;0;0;0;0;0;0;0;1;0;1;0;0;0;0;0;1204302412;2025-01-29 19:50:13
25000.0;75;1;0;0;0;1;0;0;1;0;0;0;0;0;0;1;0;0;0;0;0;1;0;0;1;0;0;0;0;0;3921289804;2025-01-29 19:50:13
23000.0;47;0;0;0;1;1;0;0;1;0;1;0;0;0;0;0;0;0;1;0;0;0;1;0;0;0;0;0;0;0;1732719180;2025-01-29 19:50:13
15500.0;33;0;0;0;0;0;0;0;0;0;0;1;0;0;0;0;0;1;0;0;0;0;1;0;0;1;0;0;0;0;2429760076;2025-01-29 19:50:13
26500.0;91;0;0;0;1;1;0;0;0;1;0;1;0;0;0;0;1;0;0;0;0;0;1;0;1;0;1;0;0;0;862593612;2025-01-29 19:50:13
21990.0;77;0;0;1;1;0;0;0;0;1;1;0;0;0;1;0;0;0;0;0;0;1;0;1;0;0;1;0;1;0;2965054028;2025-01-29 19:50:13
20990.0;50;0;0;1;1;0;0;1;1;1;1;0;0;0;0;0;1;0;0;0;0;0;1;0;0;0;0;0;0;1;2228953676;2025-01-29 20:01:00
19990.0;54;0;0;0;0;1;0;0;0;0;0;1;0;0;0;1;0;0;0;0;0;1;0;1;0;0;1;0;0;1;1523262028;2025-01-29 20:01:00
18000.0;48;0;0;0;0;0;0;0;0;1;1;0;0;0;0;0;0;1;0;0;0;0;1;0;0;1;0;0;0;0;4265288268;2025-01-29 20:01:00
29000.0;97;1;1;0;0;1;0;0;1;0;1;0;0;0;0;0;1;0;0;0;0;0;1;0;1;0;0;0;0;1;3545965132;2025-01-29 20:01:00
36000.0;79;0;0;0;1;1;0;0;1;0;1;0;0;0;0;0;0;0;0;1;0;0;1;0;1;0;0;0;0;0;1216029260;2025-01-29 20:01:00
20000.0;65;0;0;0;0;0;0;0;0;0;1;0;0;0;0;0;0;1;0;0;0;0;1;0;1;0;1;0;0;1;3768660556;2025-01-29 20:01:00
31000.0;65;0;0;1;0;0;0;0;0;1;1;0;0;1;0;0;0;0;0;0;0;0;1;0;1;0;1;0;1;0;630243916;2025-01-29 20:01:00
24000.0;55;1;0;1;0;1;0;0;1;1;1;0;0;0;0;0;0;0;0;0;1;0;1;1;0;0;0;0;0;0;2385785420;2025-01-29 20:01:00
20000.0;50;0;0;0;0;0;0;0;0;0;1;0;0;0;0;0;1;0;0;0;0;0;1;0;1;0;1;0;0;1;4231279180;2025-01-29 20:01:00
17490.0;37;0;1;1;1;1;0;0;0;1;1;0;0;0;0;1;0;0;0;0;0;0;1;0;0;0;0;0;1;0;3735368268;2025-01-29 20:01:00
16500.0;29;0;1;0;0;0;0;0;0;1;1;0;0;0;0;0;0;0;1;0;0;0;1;0;0;1;0;0;0;1;2547331660;2025-01-29 20:01:00
24900.0;41;0;0;1;0;0;1;1;0;1;1;0;0;0;0;0;0;0;1;0;0;0;1;0;1;0;0;0;1;0;474296908;2025-01-29 20:01:00
35500.0;49;0;0;0;0;0;0;0;1;1;1;0;0;1;0;0;0;0;0;0;0;1;0;0;0;0;0;0;1;0;3231134284;2025-01-29 20:01:00
37000.0;53;0;0;0;0;0;0;0;1;1;1;0;0;1;0;0;0;0;0;0;0;0;1;0;0;0;0;0;1;0;1099379276;2025-01-29 20:01:00
13000.0;41;0;0;1;0;0;0;0;0;0;1;0;0;0;0;0;0;0;0;0;1;0;1;0;0;0;0;0;0;0;2800169548;2025-01-29 20:01:00
14300.0;32;0;0;0;1;0;0;0;0;0;1;0;0;0;0;0;0;0;0;1;0;0;1;0;0;0;0;0;0;0;2937533004;2025-01-29 20:01:00
17500.0;40;0;0;0;0;0;0;0;0;1;1;0;1;0;0;0;0;0;0;0;0;0;1;1;0;0;1;0;0;1;3584827980;2025-01-29 20:01:00
32000.0;60;0;0;0;0;0;0;0;1;1;1;0;0;1;0;0;0;0;0;0;0;0;1;0;0;0;0;0;1;0;662123084;2025-01-29 20:01:00
40500.0;70;0;0;0;0;0;0;0;1;1;1;0;0;1;0;0;0;0;0;0;0;1;0;0;0;0;0;0;1;0;2004300364;2025-01-29 20:01:00
22000.0;31;0;1;0;0;0;0;0;0;1;0;0;0;0;0;0;0;1;0;0;0;1;0;0;0;0;0;0;1;0;3807195724;2025-01-29 20:01:00
17990.0;45;0;0;0;0;0;0;0;0;0;1;0;0;0;0;0;0;0;0;0;0;1;0;0;1;0;0;0;0;0;3215995468;2025-01-29 20:01:00
23990.0;70;0;0;0;0;0;0;0;0;0;1;0;0;0;0;0;0;0;0;0;0;0;1;0;1;0;0;0;0;0;749744716;2025-01-29 20:01:00
22990.0;45;0;0;0;0;0;0;0;0;1;1;0;0;0;1;0;0;0;0;0;0;1;0;0;1;0;0;0;0;0;3619762764;2025-01-29 20:01:00
22900.0;46;0;0;0;0;1;0;1;0;1;1;0;0;0;0;0;0;0;1;0;0;0;1;0;0;0;0;0;0;0;1585001036;2025-01-29 20:01:00
29000.0;78;1;0;0;0;1;0;0;1;0;1;0;0;0;0;0;1;0;0;0;0;0;1;0;1;0;0;0;1;0;945893964;2025-01-29 20:01:00
18500.0;41;0;0;0;0;0;0;0;0;1;0;0;0;1;0;0;0;0;0;0;0;1;0;0;0;1;0;0;0;0;1748705868;2025-01-29 20:01:00
70000.0;163;1;1;0;1;1;0;0;0;0;0;0;0;0;0;0;0;1;0;0;0;0;1;0;1;0;0;0;1;0;2189308492;2025-01-29 20:01:00
15800.0;25;0;0;0;0;1;0;0;0;1;1;0;0;1;0;0;0;0;0;0;0;0;1;0;0;0;0;0;0;0;4068684364;2025-01-29 20:01:00
21900.0;41;0;0;0;0;1;0;0;0;1;1;0;0;1;0;0;0;0;0;0;0;0;1;0;1;0;0;0;1;0;1354969676;2025-01-29 20:01:00
28000.0;70;1;1;1;0;0;0;0;1;1;1;0;0;0;0;0;0;1;0;0;0;0;1;0;1;0;0;0;1;0;1530671692;2025-01-29 20:01:00
20900.0;48;0;0;0;0;1;0;1;0;1;0;0;0;0;0;1;0;0;0;0;0;0;1;0;1;0;0;0;0;0;2368483916;2025-01-29 20:01:00
21490.0;49;0;0;0;0;1;0;1;0;1;0;0;0;0;0;1;0;0;0;0;0;0;1;0;1;0;0;0;0;0;3756798540;2025-01-29 20:01:00
48464.0;116;1;0;0;0;0;0;0;0;0;1;0;1;0;0;0;0;0;0;0;0;0;1;0;0;1;1;0;0;0;2627547724;2025-01-29 20:01:00
29990.0;70;0;0;1;0;0;0;0;0;0;1;0;1;0;0;0;0;0;0;0;0;0;1;1;0;0;0;0;0;1;3973849676;2025-01-29 20:01:00
55000.0;115;1;0;1;0;0;0;0;1;1;1;0;0;0;0;0;0;1;0;0;0;0;1;0;1;0;0;0;1;0;1132343884;2025-01-29 20:01:00
16500.0;49;0;0;0;0;0;0;0;0;0;1;0;0;0;0;0;0;0;0;0;1;1;0;0;1;0;1;0;0;0;4146999884;2025-01-29 20:01:00
22690.0;68;0;0;0;0;1;0;0;0;0;1;0;0;0;0;0;1;0;0;0;0;0;1;0;1;0;0;0;0;1;2039427660;2025-01-29 20:01:00
14990.0;42;0;0;0;0;0;0;0;0;0;0;1;0;0;0;0;0;0;0;0;1;0;1;0;1;0;0;0;0;1;2190422604;2025-01-29 20:01:00
12990.0;17;0;0;0;0;0;0;0;0;1;1;0;0;0;0;1;0;0;0;0;0;0;1;0;1;0;0;0;0;0;2261267020;2025-01-29 20:01:00
16990.0;46;0;0;0;0;0;0;0;1;1;1;0;0;0;0;0;0;0;0;0;1;1;0;0;0;0;0;0;0;0;3757584972;2025-01-29 20:01:00
17990.0;57;0;0;0;0;1;0;0;0;0;1;0;0;0;0;0;0;0;0;0;1;0;1;1;0;0;1;0;1;0;3455595084;2025-01-29 20:01:00
13490.0;29;0;0;0;0;1;0;0;0;1;0;1;0;0;0;1;0;0;0;0;0;0;1;1;0;0;0;0;0;1;603468364;2025-01-29 20:01:00
17490.0;40;0;1;1;1;0;0;1;0;1;1;0;0;0;0;0;0;0;0;0;1;0;1;0;0;0;0;0;0;0;1945645644;2025-01-29 20:01:00
38000.0;48;0;0;0;0;0;0;0;0;0;1;0;0;1;0;0;0;0;0;0;0;0;1;0;1;0;0;0;0;0;1300836940;2025-01-29 20:01:00
58000.0;102;0;0;0;0;0;0;0;0;0;1;0;0;1;0;0;0;0;0;0;0;0;1;0;1;0;1;0;0;0;2643014220;2025-01-29 20:01:00
14400.0;27;0;0;0;0;0;0;0;0;0;1;0;1;0;0;0;0;0;0;0;0;0;1;0;1;0;0;0;0;0;1411506764;2025-01-29 20:01:00
31990.0;133;0;1;1;1;0;0;0;0;0;1;0;0;0;0;0;1;0;0;0;0;0;1;1;0;0;0;0;1;0;3223925324;2025-01-29 20:01:00
29669.0;71;1;0;0;0;0;0;0;0;1;1;0;1;0;0;0;0;0;0;0;0;0;1;0;0;1;0;0;0;0;1422602828;2025-01-29 20:01:00
31000.0;65;0;0;1;0;0;0;0;0;1;1;0;0;1;0;0;0;0;0;0;0;0;1;0;1;0;1;0;1;0;4057449036;2025-01-29 20:01:00
21990.0;67;0;0;1;1;1;0;0;0;1;1;0;0;0;0;0;0;0;0;0;0;0;1;0;1;0;0;0;0;1;2707800652;2025-01-29 20:01:00
58000.0;190;0;0;1;0;0;0;0;0;1;1;0;0;0;0;0;0;1;0;0;0;0;1;0;1;0;1;0;1;0;3718758988;2025-01-29 20:01:00
31000.0;65;0;0;1;0;0;0;0;0;1;1;0;0;1;0;0;0;0;0;0;0;0;1;0;0;1;1;0;1;0;3822109260;2025-01-29 20:01:00
52500.0;101;0;0;0;0;0;0;0;0;1;1;0;0;1;0;0;0;0;0;0;0;0;1;0;1;0;1;0;1;0;2898313804;2025-01-29 20:01:00
31000.0;65;0;0;0;0;0;0;0;0;0;1;0;0;1;0;0;0;0;0;0;0;1;0;0;1;0;1;0;1;0;1841349196;2025-01-29 20:01:00
31000.0;65;0;0;1;0;0;0;0;0;1;1;0;0;1;0;0;0;0;0;0;0;0;1;0;1;0;1;0;1;0;2475827788;2025-01-29 20:01:00
14990.0;72;0;0;1;1;0;0;0;0;1;0;1;0;0;0;0;0;0;0;1;0;0;1;0;1;0;0;0;1;0;2811347532;2025-01-29 20:01:00
18000.0;45;0;0;0;1;1;0;0;0;1;1;0;0;0;0;0;0;0;0;0;0;0;1;0;0;0;0;0;0;1;527614540;2025-01-29 20:01:00
25000.0;65;0;0;0;1;0;0;0;0;1;0;1;0;0;0;0;0;0;0;0;0;0;1;0;1;0;1;0;0;1;963887692;2025-01-29 20:01:00
39990.0;94;1;1;0;0;1;0;0;1;1;1;0;0;0;0;0;0;1;0;0;0;1;0;0;0;0;0;0;0;0;2440282700;2025-01-29 20:01:00
13490.0;31;0;0;0;0;1;0;1;0;1;0;1;0;0;0;0;0;1;0;0;0;0;1;0;1;0;0;0;0;0;205308492;2025-01-29 20:01:00
22000.0;51;0;0;1;0;0;0;0;0;0;0;0;0;0;0;0;1;0;0;0;0;0;1;0;1;0;0;0;0;0;1850524236;2025-01-29 20:01:00
24490.0;75;0;0;1;1;1;0;0;1;1;1;0;0;0;0;0;0;1;0;0;0;0;1;0;0;0;0;0;0;1;2017247820;2025-01-29 20:01:00
35000.0;109;1;0;1;0;1;0;0;0;0;1;0;0;0;0;0;0;0;0;0;1;0;1;0;0;0;0;0;0;0;2173100620;2025-01-29 20:01:00
17490.0;53;0;0;0;0;1;0;0;0;1;0;1;0;0;0;0;0;0;0;0;0;0;1;0;1;0;1;0;0;0;1632551500;2025-01-29 20:01:00
14990.0;36;0;0;0;0;0;0;0;0;0;1;0;0;0;0;0;0;0;0;0;1;1;0;1;0;0;0;0;0;0;3250569804;2025-01-29 20:01:00
31237.05;62;0;0;1;0;1;0;0;0;1;1;0;0;0;1;0;0;0;0;0;0;0;1;0;0;1;0;0;0;0;1792590412;2025-01-29 20:01:00
12290.0;29;0;0;0;0;1;0;0;0;1;0;1;0;0;0;1;0;0;0;0;0;0;1;0;1;0;0;0;0;0;1840890444;2025-01-29 20:01:00
13490.0;31;0;0;0;0;0;0;0;0;0;1;0;0;0;0;0;0;0;0;0;0;0;1;1;0;0;0;0;0;1;2746860108;2025-01-29 20:01:00
23990.0;80;0;0;1;1;1;0;1;0;1;0;1;0;0;0;0;0;1;0;0;0;0;1;0;1;0;1;0;0;1;435475020;2025-01-29 20:01:00
32500.0;126;1;1;0;0;1;0;0;1;0;1;0;0;0;0;0;0;0;0;0;0;0;1;0;0;0;0;0;0;0;2128970316;2025-01-29 20:01:00
23000.0;56;0;0;0;1;1;0;0;0;0;0;1;0;0;0;1;0;0;0;0;0;0;1;0;0;1;0;0;0;0;2003882572;2025-01-29 20:01:00
32500.0;68;1;0;0;0;0;0;0;1;0;1;0;0;1;0;0;0;0;0;0;0;0;1;0;0;0;0;0;0;0;2153566796;2025-01-29 20:01:00
18000.0;43;0;0;0;0;0;0;0;0;0;1;0;0;0;1;0;0;0;0;0;0;0;1;0;0;1;0;0;0;0;1363137100;2025-01-29 20:01:00
60000.0;108;1;0;1;0;0;0;0;0;1;1;0;1;0;0;0;0;0;0;0;0;0;1;0;0;1;0;0;1;0;2583286348;2025-01-29 20:01:00
16490.0;58;0;1;1;1;0;0;1;0;1;1;0;0;0;0;0;0;0;0;0;0;0;1;0;0;0;0;0;0;1;739631692;2025-01-29 20:01:00
75000.0;221;0;0;0;0;0;0;0;0;1;1;0;1;0;0;0;0;0;0;0;0;0;1;0;1;0;1;0;0;0;909238860;2025-01-29 20:01:00
99000.0;184;0;0;0;0;0;0;0;0;0;1;0;1;0;0;0;0;0;0;0;0;1;0;0;1;0;1;0;0;0;103932492;2025-01-29 20:01:00
40000.0;95;1;0;0;0;0;0;0;0;1;1;0;0;1;0;0;0;0;0;0;0;0;1;0;1;0;0;0;1;0;661774924;2025-01-29 20:01:00
40000.0;97;1;0;0;0;0;0;0;0;1;1;0;0;1;0;0;0;0;0;0;0;0;1;0;1;0;0;0;1;0;879878732;2025-01-29 20:01:00
25000.0;40;1;0;0;0;0;0;0;1;1;1;0;0;1;0;0;0;0;0;0;0;1;0;0;1;0;1;0;1;0;1198645836;2025-01-29 20:01:00
40000.0;85;0;0;0;0;0;0;0;1;1;1;0;0;1;0;0;0;0;0;0;0;0;1;0;1;0;0;0;1;0;3883000396;2025-01-29 20:01:00
60000.0;115;0;0;0;0;0;0;0;0;0;1;0;0;0;1;0;0;0;0;0;0;0;1;0;1;0;0;0;1;0;1921249868;2025-01-29 20:01:00
60000.0;115;0;0;0;0;0;0;0;0;0;1;0;0;0;1;0;0;0;0;0;0;0;1;0;1;0;0;0;1;0;2458120780;2025-01-29 20:01:00
98000.0;150;0;0;1;0;0;0;0;0;1;1;0;0;1;0;0;0;0;0;0;0;0;1;0;1;0;1;0;1;0;1443386444;2025-01-29 20:01:00
32000.0;93;0;0;0;0;1;0;0;1;1;1;0;0;0;0;0;0;0;1;0;0;0;1;0;0;0;0;0;0;0;2316468812;2025-01-29 20:01:00
24500.0;37;0;0;0;0;0;0;0;1;1;1;0;0;1;0;0;0;0;0;0;0;0;1;0;0;0;0;0;1;0;3750994508;2025-01-29 20:01:00
118000.0;194;1;1;1;0;0;0;0;0;1;1;0;0;0;0;0;0;0;0;0;0;0;1;0;0;1;0;1;0;0;3059901772;2025-01-29 20:01:00
79000.0;170;0;1;0;0;0;0;0;0;1;1;0;1;0;0;0;0;0;0;0;0;0;1;0;1;0;1;0;0;0;2952668492;2025-01-29 20:01:00
72000.0;174;0;0;0;0;0;0;0;0;0;1;0;1;0;0;0;0;0;0;0;0;1;0;0;1;0;1;0;0;0;4174697804;2025-01-29 20:01:00
58000.0;130;0;0;0;0;0;0;0;0;1;1;0;1;0;0;0;0;0;0;0;0;0;1;0;1;0;1;0;1;0;752211276;2025-01-29 20:01:00
24000.0;23;0;0;0;0;0;0;0;0;0;1;0;1;0;0;0;0;0;0;0;0;0;1;0;1;0;0;0;1;0;1666118988;2025-01-29 20:01:00
28000.0;43;0;0;0;0;0;0;0;0;0;1;0;1;0;0;0;0;0;0;0;0;0;1;0;1;0;0;0;1;0;1494938956;2025-01-29 20:01:00
36000.0;74;0;0;0;0;0;0;0;0;0;1;0;1;0;0;0;0;0;0;0;0;1;0;0;1;0;0;0;0;0;2028402508;2025-01-29 20:01:00
38000.0;94;0;0;0;0;0;0;0;0;1;1;0;1;0;0;0;0;0;0;0;0;1;0;0;1;0;1;0;1;0;1845015884;2025-01-29 20:01:00
57000.0;33;0;0;0;0;0;0;0;0;0;1;0;0;1;0;0;0;0;0;0;0;0;1;0;1;0;0;0;1;0;4088956748;2025-01-29 20:01:00
84000.0;60;0;0;0;0;0;0;0;0;0;1;0;0;1;0;0;0;0;0;0;0;0;1;0;1;0;0;0;1;0;2763556684;2025-01-29 20:01:00
39000.0;73;0;0;0;0;0;0;0;0;0;1;0;1;0;0;0;0;0;0;0;0;1;0;0;1;0;1;0;1;0;3195033692;2025-01-29 20:01:00
22500.0;45;1;0;0;0;0;0;1;0;1;0;0;0;1;0;0;0;0;0;0;0;0;1;0;0;0;0;0;0;0;850141772;2025-01-29 17:40:05
18600.0;27;1;0;0;0;1;0;0;1;1;0;0;0;1;0;0;0;0;0;0;0;0;1;0;0;0;0;0;1;0;3298566732;2025-01-29 17:40:05
26000.0;59;0;0;0;0;0;0;0;0;1;1;0;0;1;0;0;0;0;0;0;0;0;1;0;0;1;0;0;0;0;2658263628;2025-01-29 17:40:05
17000.0;40;1;0;1;0;1;0;1;1;1;1;0;0;0;0;0;0;0;0;0;0;0;1;0;0;0;0;0;1;0;3096588876;2025-01-29 17:40:05
12000.0;40;0;0;0;0;0;0;0;0;0;1;0;0;0;0;0;0;0;0;1;0;0;1;1;0;0;1;0;0;1;2175607372;2025-01-29 17:40:05
12990.0;36;0;0;0;0;0;0;0;0;0;1;0;0;0;0;0;0;0;0;1;0;0;1;0;1;0;0;0;0;0;3851760204;2025-01-29 17:40:05
31000.0;65;0;0;1;0;0;0;0;0;1;1;0;0;1;0;0;0;0;0;0;0;0;1;0;1;0;1;0;1;0;4224762444;2025-01-29 17:40:05
18500.0;48;1;0;0;0;1;0;0;0;1;1;0;0;0;1;0;0;0;0;0;0;0;1;0;1;0;0;0;0;1;1150599756;2025-01-29 17:40:05
15000.0;40;0;0;0;0;0;0;0;0;0;0;0;0;0;0;0;0;0;0;1;0;0;1;0;1;0;1;0;0;0;3787530828;2025-01-29 17:40:05
18900.0;30;0;0;1;0;0;0;0;0;0;1;0;0;0;1;0;0;0;0;0;0;1;0;0;0;1;0;0;0;0;1286586956;2025-01-29 17:40:05
26000.0;50;1;0;1;1;1;0;1;1;1;0;0;0;0;0;0;0;0;1;0;0;0;1;0;0;0;0;0;1;0;3744539212;2025-01-29 17:40:05
16000.0;49;0;0;0;0;0;0;0;0;0;1;0;0;0;0;0;0;0;0;0;1;0;1;0;1;0;0;0;0;0;2526159436;2025-01-29 17:40:05
14500.0;26;0;0;0;0;0;0;0;0;1;1;0;0;1;0;0;0;0;0;0;0;0;1;1;0;0;0;0;1;0;399188556;2025-01-29 17:40:05
18000.0;58;0;0;0;0;0;0;0;0;0;1;0;0;0;0;0;0;0;1;0;0;0;1;0;1;0;1;0;0;0;3492946508;2025-01-29 17:40:05
29990.0;70;0;0;1;0;0;0;1;0;1;1;0;0;0;0;0;0;0;0;0;1;0;1;0;0;0;0;0;1;0;1449144908;2025-01-29 17:40:05
14950.0;44;0;0;0;0;1;0;0;0;0;0;1;0;0;0;0;0;0;0;0;0;0;1;1;0;0;0;0;0;0;3449627212;2025-01-29 17:40:05
22500.0;55;0;1;0;0;0;0;0;0;1;1;0;0;0;0;0;1;0;0;0;0;0;1;0;0;1;1;0;0;0;3587383884;2025-01-29 17:40:05
11400.0;42;0;0;0;0;0;0;0;0;1;0;1;0;0;0;1;0;0;0;0;0;0;1;0;0;1;0;0;1;0;996745804;2025-01-29 17:40:05
15000.0;33;0;0;1;0;1;0;0;1;1;1;0;0;0;0;0;0;0;0;0;1;0;1;0;1;0;0;0;0;0;2734891596;2025-01-29 17:40:05
26000.0;65;0;0;1;0;0;0;0;1;1;0;0;0;0;0;0;0;0;0;0;1;0;1;0;1;0;0;0;0;0;2528326220;2025-01-29 17:40:05
27000.0;71;0;0;0;0;1;0;0;0;0;1;0;0;0;0;0;0;0;1;0;0;1;0;0;1;0;1;0;0;0;1706631756;2025-01-29 17:40:05
17500.0;55;0;0;0;1;1;0;1;0;1;0;1;0;0;0;1;0;0;0;0;0;0;1;0;0;1;0;0;0;0;1090269772;2025-01-29 17:40:05
22000.0;68;0;0;1;0;1;0;0;0;0;0;1;0;0;0;0;0;0;0;0;1;0;1;0;0;1;0;0;0;0;890819148;2025-01-29 17:40:05
15000.0;18;0;0;0;0;1;0;0;0;0;0;1;0;0;0;0;0;0;0;0;0;0;1;0;0;0;0;0;0;0;524034636;2025-01-29 17:40:05
22500.0;71;1;1;1;0;1;0;0;1;1;1;0;0;0;0;1;0;0;0;0;0;0;1;0;0;0;0;0;0;1;2612863564;2025-01-29 17:40:05
16900.0;30;0;0;0;0;1;0;0;0;0;1;0;0;0;0;0;0;0;0;0;0;1;0;1;0;0;0;0;0;0;1310270028;2025-01-29 19:50:13
22500.0;67;0;0;0;0;0;0;0;0;0;0;1;0;0;0;0;0;1;0;0;0;0;1;0;1;0;0;0;0;0;1805525580;2025-01-29 19:50:13
12000.0;26;0;1;0;0;0;0;0;0;0;1;0;0;0;0;0;0;0;0;1;0;0;1;0;1;0;0;0;1;0;1219371596;2025-01-29 19:50:13
17500.0;30;1;0;0;0;1;0;1;0;1;0;0;0;0;0;1;0;0;0;0;0;0;1;0;0;0;0;0;1;0;1944109644;2025-01-29 19:50:13
29200.0;90;0;1;1;0;1;0;0;0;1;1;0;0;0;0;0;0;0;0;0;0;0;1;0;0;0;0;0;1;0;441328204;2025-01-29 19:50:13
28000.0;50;0;0;1;0;1;0;0;0;1;1;0;0;0;0;0;1;0;0;0;0;0;1;0;0;0;0;0;0;0;3874738764;2025-01-29 19:50:13
22000.0;43;0;0;1;0;1;0;0;0;1;0;0;0;0;0;0;0;0;0;0;1;0;1;0;1;0;0;0;0;0;630112844;2025-01-29 19:50:13
25300.0;63;1;0;1;1;0;0;1;1;1;1;0;0;0;0;0;0;0;0;0;1;0;1;0;0;0;0;0;1;0;2518471244;2025-01-29 19:50:13
15900.0;38;0;0;1;0;0;0;0;0;1;1;0;0;0;0;0;0;0;0;0;1;0;1;0;0;0;0;0;1;0;3581162060;2025-01-29 20:01:00
18000.0;25;0;0;0;0;0;0;0;1;1;0;0;0;0;1;0;0;0;0;0;0;0;1;1;0;0;0;0;0;0;4176884300;2025-01-29 20:01:00
21762.0;50;1;0;0;0;1;0;1;1;1;1;0;0;0;0;0;0;0;1;0;0;0;1;0;1;0;0;0;0;1;1313944140;2025-01-29 20:01:00
21900.0;55;0;0;1;0;0;0;0;1;0;1;0;0;0;0;0;0;1;0;0;0;0;1;0;1;0;0;0;0;0;3353027148;2025-01-29 20:01:00
110000.0;226;0;1;0;0;0;0;0;1;1;1;0;0;0;0;0;1;0;0;0;0;0;1;0;0;1;1;0;0;0;483116364;2025-01-29 20:01:00
55000.0;140;1;0;1;1;1;0;1;0;1;0;0;0;0;0;0;1;0;0;0;0;0;1;0;0;0;0;0;0;1;2447696460;2025-01-29 20:01:00
17500.0;52;0;0;0;0;0;0;0;0;0;1;0;0;0;1;0;0;0;0;0;0;1;0;0;1;0;0;0;0;0;3370005068;2025-01-29 20:01:00
13490.0;25;0;0;0;0;1;0;0;0;1;0;1;0;0;0;1;0;0;0;0;0;0;1;0;0;0;0;0;0;0;1674887756;2025-01-29 20:01:00
49000.0;58;1;0;0;0;0;0;0;1;0;1;0;1;0;0;0;0;0;0;0;0;0;1;0;1;0;0;0;1;0;3759383116;2025-01-29 20:01:00
10858.0;29;0;0;0;0;0;0;0;0;1;1;0;0;0;1;0;0;0;0;0;0;0;1;0;1;0;0;0;0;0;3671073356;2025-01-29 20:27:25
12000.0;22;0;0;0;0;1;0;0;0;1;1;0;0;0;0;0;0;0;0;0;0;0;1;0;1;0;0;0;1;0;3039240780;2025-01-30 15:20:23
14000.0;28;0;0;0;0;0;0;0;0;0;1;0;0;0;0;0;0;0;0;0;0;1;0;0;0;1;0;0;0;0;985342540;2025-01-30 15:20:23
45000.0;120;0;0;1;0;0;0;0;0;1;1;0;1;0;0;0;0;0;0;0;0;0;1;0;1;0;1;0;0;0;1001701964;2025-01-29 17:40:05
35000.0;88;0;0;1;0;0;0;0;0;1;0;0;0;1;0;0;0;0;0;0;0;0;1;0;0;1;1;0;1;0;2107257420;2025-01-29 17:40:05
20900.0;69;0;0;1;0;0;0;0;1;1;1;0;0;0;0;1;0;0;0;0;0;0;1;0;1;0;0;0;0;1;3285107276;2025-01-29 17:40:05
19400.0;52;0;0;1;0;1;0;0;0;1;0;1;0;0;0;0;0;1;0;0;0;0;1;0;0;1;1;0;0;0;717345356;2025-01-29 17:40:05
55000.0;103;1;1;1;1;1;0;0;1;1;0;0;0;0;0;0;1;0;0;0;0;0;1;0;0;0;0;0;0;0;1196278348;2025-01-29 17:40:05
23000.0;52;0;0;0;0;0;0;0;0;0;0;1;0;0;0;1;0;0;0;0;0;0;1;0;1;0;1;0;0;0;217064012;2025-01-29 17:40:05
17000.0;49;0;0;0;0;0;0;0;0;1;1;0;0;1;0;0;0;0;0;0;0;1;0;1;0;0;1;0;0;0;1928340044;2025-01-29 17:40:05
16800.0;37;0;0;0;1;0;0;0;0;1;0;0;0;0;0;0;0;0;0;0;1;0;1;0;0;0;0;0;0;1;1323311692;2025-01-29 17:40:05
14000.0;62;0;0;0;0;0;0;0;0;0;1;0;0;0;0;0;1;0;0;0;0;0;1;0;1;0;0;0;0;0;3772785228;2025-01-29 17:40:05
10700.0;38;0;0;1;0;1;0;0;0;0;0;1;0;0;0;1;0;0;0;0;0;0;1;1;0;0;0;0;0;0;1709187660;2025-01-29 17:40:05
12999.0;34;0;0;0;0;0;0;0;0;0;0;0;0;0;0;0;0;1;0;0;0;0;1;0;1;0;0;0;0;0;2584748620;2025-01-29 17:40:05
20000.0;69;0;0;0;1;1;0;1;0;1;0;1;0;0;0;0;0;0;0;0;1;1;0;0;1;0;1;0;0;0;3743425100;2025-01-29 17:40:05
39990.0;94;1;0;0;0;0;0;0;0;1;1;0;0;1;0;0;0;0;0;0;0;0;1;0;1;0;0;0;0;1;2549756492;2025-01-29 17:40:05
26990.0;78;1;0;1;0;0;0;1;0;1;1;0;0;0;0;0;0;0;0;0;0;0;1;0;1;0;0;0;0;1;83505740;2025-01-29 17:40:05
17990.0;50;0;0;1;0;0;0;0;0;1;0;1;0;0;0;0;0;1;0;0;0;0;1;0;0;1;1;0;0;1;2884252236;2025-01-29 17:40:05
32990.0;92;1;1;0;0;0;0;0;1;1;1;0;0;0;0;0;1;0;0;0;0;1;0;0;1;0;0;0;1;0;4259983948;2025-01-29 17:40:05
29490.0;74;1;1;1;0;0;0;1;1;1;1;0;0;0;0;0;0;0;0;0;0;0;1;0;0;0;0;0;1;0;1474966092;2025-01-29 17:40:05
19490.0;61;0;0;0;1;1;0;0;0;1;0;1;0;0;0;0;0;0;0;0;0;0;1;0;0;1;1;0;0;0;1714631244;2025-01-29 17:40:05
21490.0;53;0;0;1;0;0;0;0;0;1;1;0;0;0;0;0;0;1;0;0;0;0;1;0;0;0;0;0;0;1;2560635468;2025-01-29 17:40:05
16000.0;41;0;0;0;0;0;0;0;0;1;1;0;0;0;1;0;0;0;0;0;0;0;1;1;0;0;0;0;0;1;658514508;2025-01-29 17:40:05
40000.0;85;1;0;0;0;0;0;0;0;1;1;0;0;1;0;0;0;0;0;0;0;0;1;0;1;0;0;0;1;0;620425804;2025-01-29 17:40:05
44000.0;96;0;0;1;0;0;0;0;0;1;1;0;0;1;0;0;0;0;0;0;0;0;1;0;1;0;0;0;1;0;1919820364;2025-01-29 17:40:05
39800.0;128;0;0;0;0;1;0;0;0;1;1;0;0;0;0;0;0;0;1;0;0;0;1;0;0;1;1;0;0;1;3966771788;2025-01-29 17:40:05
38000.0;115;1;0;0;0;1;0;0;1;1;0;0;0;0;0;0;0;0;1;0;0;0;1;0;1;0;0;0;1;0;654123596;2025-01-29 17:40:05
20000.0;45;0;0;0;0;1;0;0;0;0;0;1;0;0;0;0;0;0;0;0;1;1;0;0;0;1;0;0;1;0;2053972556;2025-01-29 17:40:05
30000.0;65;0;0;0;0;0;0;0;0;0;1;0;1;0;0;0;0;0;0;0;0;1;0;0;1;0;0;0;0;0;2962039372;2025-01-29 17:40:05
38000.0;114;0;0;0;0;1;0;0;1;1;0;0;0;0;0;0;0;0;1;0;0;0;1;0;1;0;0;0;1;0;2986156620;2025-01-29 17:40:05
14000.0;30;0;0;0;0;1;0;0;0;0;1;0;0;0;1;0;0;0;0;0;0;0;1;0;0;1;0;0;0;1;2166563404;2025-01-29 17:40:05
18900.0;37;1;1;1;0;1;0;0;1;1;1;0;0;0;1;0;0;0;0;0;0;1;0;0;0;0;0;0;1;0;2525045324;2025-01-29 17:40:05
14900.0;60;0;0;0;0;0;0;0;0;0;1;0;0;0;0;1;0;0;0;0;0;1;0;1;0;0;0;0;0;0;212935244;2025-01-29 17:40:05
19000.0;51;0;0;0;0;0;0;0;0;1;1;0;0;0;1;0;0;0;0;0;0;0;1;0;1;0;0;0;1;0;1840325196;2025-01-29 17:40:05
42000.0;112;1;0;0;1;0;0;0;1;0;1;0;0;0;0;1;0;0;0;0;0;0;1;0;1;0;0;0;1;0;1893933644;2025-01-29 17:40:05
22000.0;89;0;0;0;1;0;0;0;0;1;0;1;0;0;0;1;0;0;0;0;0;0;1;1;0;0;1;0;0;1;1148068428;2025-01-29 17:40:05
24000.0;60;1;0;1;0;1;0;0;0;1;1;0;0;0;0;1;0;0;0;0;0;0;1;0;1;0;0;0;0;0;3035902540;2025-01-29 17:40:05
18900.0;35;0;0;1;0;0;0;0;0;0;0;0;0;0;0;0;0;0;0;0;1;0;1;0;0;0;0;0;0;0;1250894412;2025-01-29 17:40:05
56000.0;171;1;1;0;0;1;0;0;0;1;0;0;0;0;0;0;0;0;0;0;0;0;1;0;0;0;0;0;1;0;2405028428;2025-01-29 17:40:05
25000.0;50;0;0;0;0;1;0;0;0;0;1;0;0;0;0;0;0;0;0;0;0;0;1;0;0;0;0;0;0;0;3673236044;2025-01-29 17:40:05
35000.0;89;0;0;1;0;0;0;0;0;1;1;0;0;1;0;0;0;0;0;0;0;0;1;0;0;1;1;0;1;0;4083098188;2025-01-29 17:40:05
20000.0;58;0;0;1;0;0;0;1;0;1;0;1;0;0;0;0;0;0;0;0;1;1;0;1;0;0;1;0;0;0;3101762124;2025-01-29 17:40:05
25000.0;94;0;0;0;1;0;0;0;0;0;1;0;0;0;0;0;0;0;0;0;0;0;1;1;0;0;1;0;0;1;1578418764;2025-01-29 17:40:05
19500.0;39;0;0;1;0;0;0;1;0;1;1;0;0;0;0;0;0;0;0;0;1;0;1;0;0;0;0;0;1;0;2308448844;2025-01-29 17:40:05
36500.0;91;0;0;1;0;1;0;1;0;1;0;0;0;0;0;0;0;0;0;1;0;0;1;0;0;0;0;0;0;1;2662081100;2025-01-29 17:40:05
20000.0;37;0;1;0;0;0;0;0;0;0;1;0;0;0;0;0;0;0;1;0;0;0;1;0;1;0;0;0;0;0;2485379660;2025-01-29 17:40:05
19990.0;56;1;0;1;0;0;0;0;0;1;0;0;0;0;0;0;0;0;0;0;1;0;1;0;0;0;0;0;0;0;1879122508;2025-01-29 17:40:05
27000.0;70;1;0;0;0;0;0;0;0;0;0;0;0;0;0;0;0;0;0;0;1;0;1;0;0;1;0;0;0;0;3800420940;2025-01-29 17:40:05
15000.0;52;0;0;0;0;1;0;0;0;1;0;1;0;0;0;0;1;0;0;0;0;0;1;0;1;0;0;0;0;1;523313740;2025-01-29 17:40:05
40000.0;80;1;0;0;0;0;0;0;0;1;1;0;0;1;0;0;0;0;0;0;0;0;1;0;1;0;0;0;1;0;94224972;2025-01-29 17:40:05
32000.0;90;0;0;0;0;0;0;0;0;0;1;0;0;0;0;0;0;0;0;0;0;0;1;0;1;0;1;0;0;0;3465933388;2025-01-29 17:40:05
27000.0;100;0;0;0;0;0;0;0;0;1;1;0;0;0;0;0;1;0;0;0;0;0;1;0;1;0;1;0;0;0;891363916;2025-01-29 17:40:05
24000.0;59;1;0;0;0;1;0;0;0;0;1;0;0;0;0;0;0;0;0;1;0;1;0;0;0;0;0;0;0;0;2366517836;2025-01-29 17:40:05
17000.0;45;1;0;0;0;0;0;0;0;0;0;0;0;0;0;0;1;0;0;0;0;0;1;1;0;0;1;0;0;1;175186508;2025-01-29 17:40:05
38000.0;95;0;0;1;0;0;0;0;0;1;1;0;0;0;0;0;1;0;0;0;0;0;1;0;1;0;1;0;0;1;90518092;2025-01-29 17:40:05
26000.0;58;0;0;0;0;0;0;0;0;1;0;0;0;1;0;0;0;0;0;0;0;0;1;0;0;1;0;0;0;0;4172141132;2025-01-29 17:40:05
16000.0;35;0;0;0;0;1;0;0;0;1;1;0;0;0;0;0;0;0;0;0;0;0;1;0;1;0;0;0;0;1;1014047308;2025-01-29 17:40:05
29900.0;79;0;0;0;0;0;0;0;0;0;1;0;0;0;0;0;0;0;1;0;0;0;1;0;1;0;0;0;0;0;1667482188;2025-01-29 17:40:05
34200.0;70;0;0;0;0;0;0;0;0;0;1;0;0;0;1;0;0;0;0;0;0;1;0;0;1;0;0;0;1;0;428745292;2025-01-29 17:40:05
19000.0;44;0;0;0;0;0;0;0;0;1;0;0;0;0;0;0;0;0;0;0;0;1;0;0;1;0;1;0;0;1;77673036;2025-01-29 17:40:05
16100.0;24;0;0;0;0;0;0;0;0;0;1;0;0;0;0;0;0;0;0;0;1;0;1;0;0;0;0;0;0;0;425796172;2025-01-29 17:40:05
38000.0;95;0;0;1;0;0;0;0;0;1;0;0;0;0;0;0;1;0;0;0;0;0;1;0;1;0;1;0;0;1;3137679948;2025-01-29 17:40:05
19000.0;30;0;0;0;0;0;0;0;0;0;1;0;0;1;0;0;0;0;0;0;0;0;1;1;0;0;0;0;1;0;3501438284;2025-01-29 17:40:05
21000.0;37;0;0;0;0;0;0;0;0;1;1;0;0;1;0;0;0;0;0;0;0;1;0;0;0;1;0;0;0;0;3624350284;2025-01-29 17:40:05
24000.0;45;0;0;0;0;0;0;0;0;0;1;0;0;0;0;1;0;0;0;0;0;0;1;0;1;0;1;0;0;0;2979144268;2025-01-29 17:40:05
21500.0;57;0;0;0;1;0;0;0;0;0;0;0;0;0;0;0;0;0;0;0;1;0;1;0;1;0;0;0;0;0;2491556428;2025-01-29 17:40:05
21000.0;55;0;0;1;0;0;0;0;0;0;1;0;0;0;0;0;0;0;0;1;0;0;1;0;1;0;0;0;1;0;3313640012;2025-01-29 17:40:05
28000.0;95;0;0;0;0;0;0;0;0;1;1;0;1;0;0;0;0;0;0;0;0;0;1;0;1;0;0;0;1;0;2032017996;2025-01-29 17:40:05
22000.0;50;0;0;1;0;1;0;0;0;1;1;0;0;0;0;0;0;0;0;0;1;0;1;0;1;0;1;0;0;1;1537352268;2025-01-29 17:40:05
16900.0;35;0;0;0;0;1;0;0;0;1;1;0;0;0;0;0;0;1;0;0;0;0;1;0;1;0;0;0;0;1;2879529548;2025-01-29 17:40:05
33000.0;80;1;0;0;0;1;0;0;1;1;1;0;0;0;0;0;1;0;0;0;0;0;1;0;1;0;0;0;1;0;3423216204;2025-01-29 17:40:05
72000.0;174;0;1;0;0;0;0;0;0;0;1;0;1;0;0;0;0;0;0;0;0;1;0;0;1;0;0;0;0;0;1106457164;2025-01-29 17:40:05
38000.0;48;0;0;0;0;0;0;0;0;0;1;0;0;1;0;0;0;0;0;0;0;0;1;1;0;0;0;0;1;0;586363468;2025-01-29 17:40:05
27000.0;78;0;0;0;0;0;0;0;0;0;1;0;0;0;1;0;0;0;0;0;0;1;0;0;0;1;1;0;0;1;2700948044;2025-01-29 17:40:05
27000.0;54;1;0;1;1;1;0;0;0;0;1;0;0;0;0;1;0;0;0;0;0;0;1;0;1;0;0;0;0;0;1415656012;2025-01-29 17:40:05
15900.0;45;0;0;0;0;0;0;0;0;0;0;1;0;0;0;0;0;0;0;0;1;1;0;0;1;0;1;0;0;0;1728111180;2025-01-29 17:40:05
40000.0;85;1;0;0;0;0;0;0;0;1;1;0;0;1;0;0;0;0;0;0;0;0;1;0;1;0;0;0;1;0;1831985740;2025-01-29 17:40:05
14500.0;22;0;0;0;0;0;0;0;0;0;1;0;0;0;0;0;0;1;0;0;0;1;0;0;0;1;0;0;0;0;3682857548;2025-01-29 17:40:05
24900.0;58;1;0;1;0;1;0;0;0;0;1;0;0;0;0;1;0;0;0;0;0;0;1;0;0;0;0;0;0;0;461972044;2025-01-29 17:40:05
20000.0;37;0;1;0;0;0;0;0;0;0;1;0;0;0;0;0;1;0;0;0;0;0;1;0;1;0;0;0;0;0;3824296524;2025-01-29 17:40:05
15000.0;33;0;0;0;0;0;0;0;0;0;1;0;0;0;0;0;0;0;0;1;0;0;1;0;0;1;1;0;0;0;3336708684;2025-01-29 17:40:05
65000.0;117;1;1;1;0;0;0;0;0;1;1;0;0;0;1;0;0;0;0;0;0;0;1;0;0;1;0;0;0;0;4130021964;2025-01-29 17:40:05
38000.0;114;1;0;0;0;1;0;0;1;1;1;0;0;0;0;0;0;0;1;0;0;0;1;0;1;0;0;0;1;0;1193091660;2025-01-29 17:40:05
26000.0;50;0;0;1;0;0;0;0;1;1;0;0;0;0;1;0;0;0;0;0;0;0;1;0;1;0;0;0;0;0;890970700;2025-01-29 17:40:05
26000.0;90;0;0;0;0;0;0;0;0;0;0;0;0;0;0;0;1;0;0;0;0;0;1;0;1;0;0;0;0;1;2702320204;2025-01-29 17:40:05
40000.0;57;1;0;0;1;1;1;0;1;1;0;0;0;0;0;0;0;1;0;0;0;0;1;0;0;0;0;0;1;0;4211221068;2025-01-29 17:40:05
28900.0;56;1;0;1;0;1;0;0;1;1;1;0;0;0;0;0;0;0;0;1;0;0;1;0;0;0;0;0;0;0;1221341772;2025-01-29 17:40:05
25900.0;72;0;0;0;0;1;0;0;0;0;1;0;0;0;1;0;0;0;0;0;0;0;1;0;1;0;1;0;0;0;1218298444;2025-01-29 17:40:05
27000.0;72;0;0;0;0;0;0;0;0;0;1;0;0;0;1;0;0;0;0;0;0;0;1;0;1;0;1;0;1;0;1783677516;2025-01-29 17:40:05
21900.0;50;0;0;1;0;1;0;0;1;1;1;0;0;0;0;0;0;0;0;1;0;0;1;0;0;0;0;0;0;0;3992506956;2025-01-29 17:40:05
28900.0;105;0;0;0;0;0;0;0;0;1;1;0;0;0;0;0;0;0;0;0;0;0;1;0;1;0;0;0;0;0;1019593292;2025-01-29 17:40:05
21000.0;52;0;0;1;0;1;0;0;1;1;0;1;0;0;0;0;0;0;0;0;1;0;1;0;0;0;0;0;0;0;3258434124;2025-01-29 17:40:05
19000.0;53;0;0;1;0;1;0;1;0;0;0;0;1;0;0;0;0;0;0;0;0;0;1;0;1;0;1;0;0;0;14864972;2025-01-29 17:40:05
19000.0;34;0;0;0;0;1;0;0;0;1;1;0;0;0;0;0;1;0;0;0;0;0;1;0;1;0;0;0;1;0;3544040012;2025-01-29 17:40:05
24000.0;67;0;1;0;0;0;0;1;0;1;0;0;0;0;0;0;1;0;0;0;0;1;0;0;1;0;0;0;1;0;3107832396;2025-01-29 17:40:05
16500.0;37;0;0;0;1;0;0;0;0;1;0;1;0;0;0;0;0;0;0;1;0;0;1;1;0;0;0;0;0;0;1303654988;2025-01-29 17:40:05
37000.0;65;0;0;0;0;0;0;0;0;0;1;0;1;0;0;0;0;0;0;0;0;1;0;0;0;1;0;1;0;0;5382732;2025-01-29 17:40:05
25000.0;67;0;0;0;0;0;0;1;0;0;1;0;0;0;0;1;0;0;0;0;0;0;1;0;0;0;1;0;0;0;1179787852;2025-01-29 17:40:05
17100.0;25;0;0;0;0;0;0;0;0;0;1;0;0;0;1;0;0;0;0;0;0;0;1;0;1;0;0;0;0;0;928129612;2025-01-29 17:40:05
14400.0;25;0;0;0;0;0;0;1;0;1;1;0;0;0;0;0;0;0;0;0;1;1;0;0;0;1;0;0;0;1;4081197644;2025-01-29 17:40:05
40000.0;95;0;0;0;0;0;0;0;0;1;1;0;0;1;0;0;0;0;0;0;0;0;1;0;1;0;0;0;1;0;471982668;2025-01-29 17:40:05
99000.0;184;0;0;0;0;0;0;0;0;0;1;0;1;0;0;0;0;0;0;0;0;1;0;1;0;0;1;0;0;0;2709115468;2025-01-29 17:40:05
79000.0;170;0;0;1;0;0;0;0;0;0;1;0;1;0;0;0;0;0;0;0;0;0;1;0;1;0;1;0;0;0;3960394316;2025-01-29 17:40:05
75000.0;221;0;0;0;0;0;0;0;0;0;1;0;1;0;0;0;0;0;0;0;0;0;1;0;1;0;0;0;0;0;417649228;2025-01-29 17:40:05
9500.0;29;0;0;0;0;1;0;0;0;0;1;0;0;0;0;0;1;0;0;0;0;1;0;0;1;0;1;0;0;0;2908889676;2025-01-29 17:40:05
24000.0;48;1;0;1;0;0;0;0;0;1;0;0;0;0;0;0;0;0;0;1;0;0;1;0;1;0;0;0;1;0;2341675596;2025-01-29 17:40:05
20000.0;39;0;0;0;0;0;0;0;0;0;0;0;0;0;1;0;0;0;0;0;0;0;1;0;0;0;0;0;0;0;3683852876;2025-01-29 17:40:05
20000.0;55;0;0;0;0;1;0;0;0;0;1;0;0;0;0;0;0;0;0;0;0;0;1;0;1;0;1;0;0;0;3197313612;2025-01-29 17:40:05
26000.0;54;0;0;0;0;1;0;0;0;0;1;0;0;0;1;0;0;0;0;0;0;0;1;0;1;0;0;0;0;0;2392007244;2025-01-29 17:40:05
21500.0;41;0;0;1;0;1;0;0;0;1;1;0;0;0;0;0;0;1;0;0;0;0;1;1;0;0;0;0;0;1;2895323724;2025-01-29 17:40:05
19000.0;43;0;0;0;0;0;0;0;0;0;1;0;0;0;0;0;0;0;0;0;0;0;1;0;0;0;0;0;0;0;1725571660;2025-01-29 17:40:05
17900.0;46;0;1;1;0;0;0;0;0;1;1;0;0;0;0;0;0;0;0;0;0;0;1;0;0;0;0;0;1;0;327361100;2025-01-29 17:40:05
24500.0;42;0;0;1;0;1;0;1;0;1;1;0;0;0;0;1;0;0;0;0;0;0;1;0;0;0;0;0;0;0;3234316876;2025-01-29 17:40:05
19000.0;68;0;0;0;1;1;0;1;0;1;0;1;0;0;0;0;0;0;0;1;0;0;1;0;1;0;1;0;0;0;1588798028;2025-01-29 17:40:05
38000.0;95;0;0;1;0;1;0;0;0;1;1;0;0;0;0;0;1;0;0;0;0;0;1;0;1;0;1;0;0;0;3466015308;2025-01-29 17:40:05
32000.0;60;0;0;0;0;0;0;0;0;1;1;0;0;1;0;0;0;0;0;0;0;0;1;0;1;0;0;0;1;0;4268282956;2025-01-29 17:40:05
14500.0;16;0;0;0;0;1;0;0;0;1;0;0;0;0;1;0;0;0;0;0;0;1;0;0;1;0;0;1;0;1;4273873484;2025-01-29 17:40:05
27900.0;78;1;1;0;0;1;0;0;1;0;1;0;0;0;0;0;1;0;0;0;0;1;0;0;0;0;0;0;0;0;1789600332;2025-01-29 17:40:05
25000.0;68;0;0;0;0;0;0;1;0;1;1;0;0;0;1;0;0;0;0;0;0;0;1;0;0;0;0;0;1;0;3099796044;2025-01-29 17:40:05
34000.0;110;0;0;1;0;1;0;0;0;0;1;0;0;0;1;0;0;0;0;0;0;0;1;0;1;0;1;0;0;0;2294489676;2025-01-29 17:40:05
17000.0;42;0;0;0;0;1;0;0;0;1;0;1;0;0;0;0;1;0;0;0;0;0;1;0;1;0;0;0;0;0;4183761484;2025-01-29 17:40:05
18000.0;57;0;0;1;0;1;0;0;0;0;1;0;0;0;0;1;0;0;0;0;0;0;1;0;1;0;1;0;0;0;1608720972;2025-01-29 17:40:05
27999.0;88;0;0;1;0;0;0;0;0;0;1;0;0;0;0;0;0;1;0;0;0;0;1;0;0;1;1;0;0;0;1125327436;2025-01-29 17:40:05
49000.0;95;1;0;0;1;0;0;0;1;0;1;0;0;0;0;0;0;1;0;0;0;0;1;0;1;0;0;0;0;0;1089794636;2025-01-29 17:40:05
20500.0;54;0;0;0;1;1;0;0;0;0;0;1;0;0;0;0;0;0;0;0;1;0;1;1;0;0;0;0;0;0;3040002636;2025-01-29 17:40:05
19000.0;36;0;0;0;0;1;0;1;0;1;0;0;0;0;0;0;0;0;0;0;0;1;0;0;0;0;0;0;0;1;3775078988;2025-01-29 17:40:05
22000.0;50;1;0;1;0;1;0;0;0;0;0;0;0;0;0;0;0;0;0;0;1;0;1;0;0;0;0;0;0;0;408756812;2025-01-29 17:40:05
26500.0;71;0;0;0;0;0;0;1;1;1;0;0;0;0;0;0;1;0;0;0;0;0;1;0;1;0;0;0;0;0;3605017164;2025-01-29 17:40:05
11500.0;20;0;0;0;0;0;0;0;0;0;0;0;1;0;0;0;0;0;0;0;0;0;1;0;0;1;0;0;0;0;2539135564;2025-01-29 17:40:05
17000.0;58;0;0;0;0;0;0;0;0;0;0;1;0;0;0;1;0;0;0;0;0;0;1;0;0;1;1;0;0;0;2101551692;2025-01-29 17:40:05
35000.0;93;1;1;0;0;0;0;0;0;0;0;0;0;0;0;0;0;0;0;0;1;0;1;0;0;0;0;0;0;0;712188492;2025-01-29 17:40:05
24500.0;67;0;0;0;1;1;0;1;0;1;0;1;0;0;0;0;0;0;0;0;0;0;1;0;1;0;0;0;0;1;180302412;2025-01-29 17:40:05
43000.0;118;1;1;0;0;0;0;1;0;0;1;0;0;0;0;0;0;0;0;0;0;0;1;0;0;0;0;0;0;0;4034077260;2025-01-29 17:40:05
18000.0;38;0;0;0;0;0;0;0;0;0;1;0;0;0;0;1;0;0;0;0;0;0;1;0;1;0;0;0;0;1;3927581260;2025-01-29 17:40:05
48000.0;117;1;1;1;0;0;0;0;0;0;1;0;0;0;0;0;0;0;0;0;0;0;1;0;0;0;1;0;0;0;3027444300;2025-01-29 17:40:05
17950.0;75;0;0;0;0;0;0;0;0;0;1;0;0;1;0;0;0;0;0;0;0;1;0;0;1;0;1;0;0;0;4202967628;2025-01-29 17:40:05
29970.0;88;0;0;1;0;1;0;1;1;1;1;0;0;0;0;0;0;0;0;0;0;0;1;0;1;0;0;0;0;0;2817143372;2025-01-29 17:40:05
18000.0;40;0;0;1;0;0;0;1;0;1;0;0;0;0;1;0;0;0;0;0;0;0;1;0;1;0;0;0;1;0;845881932;2025-01-29 17:40:05
19500.0;36;0;1;0;0;1;0;0;0;1;0;0;0;0;0;1;0;0;0;0;0;0;1;0;0;0;0;0;0;0;4065735244;2025-01-29 17:40:05
17000.0;43;0;0;0;0;1;0;0;0;1;0;1;0;0;0;0;0;0;0;0;0;0;1;0;0;1;0;0;0;0;1425809996;2025-01-29 17:40:05
17000.0;43;0;0;1;0;0;0;1;0;1;0;0;0;0;0;0;1;0;0;0;0;0;1;0;0;0;0;0;0;1;1511793228;2025-01-29 17:40:05
13544.0;20;0;0;0;0;0;0;0;0;0;1;0;0;0;0;0;0;0;0;0;0;1;0;1;0;0;0;0;0;0;3321152076;2025-01-29 17:40:05
15700.0;29;0;0;0;0;0;0;0;0;0;1;0;0;0;0;0;0;0;0;1;0;0;1;1;0;0;0;0;0;0;3758891596;2025-01-29 17:40:05
17700.0;55;0;0;0;0;0;0;0;0;1;0;1;0;0;0;0;0;0;0;0;1;1;0;1;0;0;0;0;1;0;3145478732;2025-01-29 17:40:05
24000.0;75;0;0;1;0;0;0;0;0;0;1;0;0;0;0;1;0;0;0;0;0;0;1;0;1;0;1;0;0;0;1482433100;2025-01-29 17:40:05
28500.0;71;0;0;1;0;1;0;0;0;1;1;0;0;0;0;0;0;1;0;0;0;0;1;0;1;0;0;0;1;0;2982814284;2025-01-29 17:40:05
15000.0;40;0;0;1;0;0;0;0;0;1;1;0;0;0;0;0;0;0;0;0;1;1;0;1;0;0;0;0;0;0;2254185036;2025-01-29 17:40:05
25000.0;47;0;0;0;0;0;0;0;0;0;1;0;0;0;0;0;0;0;1;0;0;0;1;0;0;0;0;0;0;0;4099678796;2025-01-29 17:40:05
28000.0;70;0;0;0;0;0;0;0;0;0;1;0;1;0;0;0;0;0;0;0;0;1;0;0;1;0;0;0;0;0;748495436;2025-01-29 17:40:05
23000.0;60;1;0;1;0;1;0;0;0;0;0;0;0;0;0;0;0;0;0;0;0;0;1;0;0;0;0;0;0;0;210575948;2025-01-29 17:40:05
31000.0;98;0;1;1;0;0;0;0;0;1;1;0;0;0;1;0;0;0;0;0;0;0;1;0;1;0;0;0;0;1;1217267020;2025-01-29 17:40:05
29000.0;80;0;0;0;0;1;0;0;0;0;1;0;0;0;0;0;0;0;1;0;0;0;1;1;0;0;0;0;0;0;482157132;2025-01-29 17:40:05
16500.0;75;0;0;0;1;1;0;0;0;1;0;1;0;0;0;1;0;0;0;0;0;0;1;0;1;0;0;0;0;0;2390237772;2025-01-29 17:40:05
36000.0;112;0;0;1;0;0;0;0;0;0;1;0;0;0;0;0;0;0;1;0;0;0;1;0;0;1;1;0;0;0;1331569228;2025-01-29 17:40:05
21000.0;84;0;0;0;0;0;0;0;0;0;0;1;0;0;0;0;1;0;0;0;0;0;1;0;0;1;1;0;0;0;892084812;2025-01-29 19:50:13
25000.0;57;1;0;1;0;0;0;0;0;0;1;0;0;0;0;0;1;0;0;0;0;1;0;0;0;0;0;0;0;0;2015547980;2025-01-29 19:50:13
14500.0;33;0;0;0;0;0;0;0;0;0;1;0;0;0;0;0;0;0;0;1;0;0;1;0;0;1;0;0;0;0;3914715724;2025-01-29 19:50:13
22500.0;51;1;1;0;0;1;0;0;0;0;1;0;0;0;0;0;0;0;0;0;0;0;1;0;0;0;0;0;0;0;953995852;2025-01-29 19:50:13
25500.0;77;0;0;0;1;0;0;0;0;1;0;1;0;0;0;0;0;1;0;0;0;0;1;0;1;0;0;0;0;1;877736524;2025-01-29 19:50:13
15500.0;35;0;0;0;0;0;0;0;0;0;1;0;0;0;1;0;0;0;0;0;0;0;1;0;0;1;0;0;0;0;1094525516;2025-01-29 19:50:13
23000.0;65;1;0;1;0;0;0;0;0;0;0;1;0;0;0;0;0;1;0;0;0;0;1;0;1;0;1;0;1;0;3377275468;2025-01-29 19:50:13
23000.0;43;0;1;0;0;0;0;1;0;1;1;0;0;0;0;0;0;0;0;0;1;0;1;0;0;0;0;0;1;0;14430796;2025-01-29 19:50:13
27000.0;57;1;0;0;1;1;0;1;1;1;0;0;0;0;0;1;0;0;0;0;0;0;1;0;0;0;0;0;0;1;2946814540;2025-01-29 19:50:13
15000.0;43;0;0;1;0;0;0;0;1;1;0;0;0;0;0;0;1;0;0;0;0;0;1;0;1;0;0;0;1;0;3412927052;2025-01-29 19:50:13
26000.0;60;0;0;0;0;1;0;0;0;0;1;0;0;1;0;0;0;0;0;0;0;1;0;0;1;0;1;0;1;0;197009996;2025-01-29 19:50:13
20500.0;43;0;0;0;0;0;0;0;0;1;0;1;0;0;0;1;0;0;0;0;0;0;1;1;0;0;0;0;0;0;1472078412;2025-01-29 19:50:13
38000.0;95;0;1;0;0;1;0;0;0;0;1;0;0;0;0;0;1;0;0;0;0;1;0;0;1;0;1;0;0;1;3775799884;2025-01-29 19:50:13
19000.0;51;0;0;0;0;0;0;0;0;1;1;0;0;0;0;1;0;0;0;0;0;0;1;0;1;0;0;0;0;0;1865294412;2025-01-29 19:50:13
15000.0;50;0;0;1;0;1;0;1;0;1;1;0;0;0;0;0;0;0;0;0;1;0;1;0;1;0;0;0;1;0;45687372;2025-01-29 19:50:13
21900.0;54;0;0;1;0;0;0;0;0;0;1;0;0;0;0;0;1;0;0;0;0;0;1;0;1;0;0;0;0;0;509485644;2025-01-29 19:50:13
26000.0;66;0;0;0;0;0;0;0;0;0;1;0;0;0;0;1;0;0;0;0;0;0;1;0;0;1;0;0;1;0;2140746316;2025-01-29 19:50:13
21000.0;55;0;0;0;0;0;0;0;0;0;1;0;0;0;0;0;0;0;0;0;0;0;1;0;1;0;1;0;0;0;4084081228;2025-01-29 19:50:13
38000.0;103;0;0;0;0;0;0;0;0;0;0;0;0;0;0;0;0;1;0;0;0;0;1;0;0;1;0;0;0;0;480625228;2025-01-29 19:50:13
19000.0;68;0;0;0;0;0;0;0;0;1;1;0;1;0;0;0;0;0;0;0;0;0;1;0;1;0;0;0;0;0;2089755212;2025-01-29 19:50:13
22500.0;33;0;0;1;0;1;0;0;0;1;1;0;0;0;0;0;0;0;0;1;0;0;1;0;0;0;0;0;1;0;3987677772;2025-01-29 19:50:13
17000.0;51;0;0;1;0;0;0;0;0;0;1;0;0;0;0;0;0;1;0;0;0;0;1;0;1;0;0;0;1;0;3769573964;2025-01-29 19:50:13
18790.0;51;0;0;0;0;1;0;0;0;0;1;0;0;0;1;0;0;0;0;0;0;0;1;0;1;0;0;1;0;0;31400524;2025-01-29 19:50:13
54900.0;171;1;1;1;0;0;0;0;1;0;1;0;0;0;0;0;0;1;0;0;0;1;0;0;1;0;1;0;0;1;3791594060;2025-01-29 19:50:13
22500.0;59;1;1;0;0;0;0;0;0;1;1;0;0;0;0;0;1;0;0;0;0;0;1;0;1;0;0;0;0;1;162607692;2025-01-29 19:50:13
23000.0;54;1;0;0;0;1;0;0;0;0;1;0;0;0;0;0;0;1;0;0;0;0;1;1;0;0;0;0;0;0;1782522444;2025-01-29 19:50:13
26500.0;100;0;0;1;0;0;0;0;0;0;1;0;0;0;0;0;0;1;0;0;0;0;1;0;1;0;1;0;0;0;1363092044;2025-01-29 19:50:13
22000.0;40;0;0;1;0;1;0;0;1;0;1;0;0;0;0;1;0;0;0;0;0;0;1;0;0;0;0;0;0;0;4227084876;2025-01-29 19:50:13
32000.0;72;0;1;0;0;0;0;0;0;0;1;0;0;0;0;0;0;0;1;0;0;1;0;0;1;0;0;0;0;0;3630813772;2025-01-29 19:50:13
35800.0;104;1;0;1;0;1;0;0;0;1;0;0;0;0;0;0;1;0;0;0;0;0;1;0;1;0;0;1;0;1;2593268300;2025-01-29 19:50:13
18000.0;43;0;0;0;0;1;0;0;0;1;0;1;0;0;0;1;0;0;0;0;0;0;1;0;1;0;0;0;0;0;700895820;2025-01-29 19:50:13
18436.0;33;0;0;0;0;0;0;0;0;0;1;0;0;0;1;0;0;0;0;0;0;0;1;0;1;0;0;0;0;1;15213132;2025-01-29 19:50:13
25000.0;75;0;0;0;0;0;0;0;0;0;0;1;0;0;0;1;0;0;0;0;0;0;1;1;0;0;1;0;0;0;4041744972;2025-01-29 19:50:13
28500.0;64;0;0;1;0;0;0;0;0;0;1;0;0;0;0;0;0;1;0;0;0;0;1;1;0;0;0;0;1;0;2375627340;2025-01-29 19:50:13
21206.0;37;1;0;0;1;1;0;0;1;1;0;0;0;0;0;0;1;0;0;0;0;0;1;0;0;0;0;1;1;0;152576588;2025-01-29 19:50:13
23900.0;43;0;0;1;0;0;0;1;0;1;1;0;0;0;0;0;0;0;1;0;0;0;1;0;0;0;0;0;1;0;2954371660;2025-01-29 19:50:13
22000.0;67;0;0;1;0;0;0;0;0;1;0;1;0;0;0;1;0;0;0;0;0;0;1;1;0;0;0;0;0;0;369631820;2025-01-29 19:50:13
21000.0;60;0;0;0;1;0;0;0;0;1;0;1;0;0;0;0;0;0;0;0;1;0;1;0;1;0;1;0;0;0;691544652;2025-01-29 19:50:13
18000.0;57;0;0;0;0;0;0;0;0;1;1;0;0;0;1;0;0;0;0;0;0;1;0;0;0;1;1;0;0;0;4147651148;2025-01-29 19:50:13
21500.0;50;0;0;1;0;1;0;0;1;1;0;0;0;0;0;0;0;0;0;0;1;0;1;0;1;0;0;0;1;0;3492291148;2025-01-29 19:50:13
37000.0;110;0;0;0;0;0;0;0;0;0;1;0;0;1;0;0;0;0;0;0;0;0;1;0;0;1;1;0;0;0;1618485836;2025-01-29 19:50:13
18500.0;53;0;0;1;0;1;0;0;0;1;1;0;0;0;0;0;0;0;0;0;1;0;1;1;0;0;1;0;0;1;7942732;2025-01-29 19:50:13
18000.0;36;1;0;1;0;0;0;1;0;1;1;0;0;0;0;0;0;0;0;0;0;0;1;0;0;0;0;0;0;0;2577998412;2025-01-29 19:50:13
22000.0;42;0;1;0;0;0;0;0;0;0;1;0;0;0;0;0;0;0;0;0;0;1;0;1;0;0;1;0;0;0;3789103692;2025-01-29 19:50:13
26000.0;60;0;1;0;0;0;0;0;0;0;1;0;0;1;0;0;0;0;0;0;0;1;0;0;1;0;1;0;1;0;1825120844;2025-01-29 19:50:13
16500.0;54;0;0;0;1;1;0;0;0;1;0;1;0;0;0;0;0;1;0;0;0;0;1;0;1;0;1;0;1;0;2079404620;2025-01-29 19:50:13
29000.0;88;1;0;0;1;0;0;0;1;1;1;0;0;0;0;0;0;1;0;0;0;0;1;0;1;0;1;0;0;1;3268751948;2025-01-29 19:50:13
15000.0;69;0;0;0;0;0;0;0;0;0;1;0;0;0;0;0;0;0;0;0;0;0;1;0;0;1;1;0;0;0;1407787596;2025-01-29 19:50:13
23500.0;48;0;0;0;0;0;0;0;0;0;1;0;0;0;0;0;1;0;0;0;0;1;0;0;0;0;0;0;0;0;2800296524;2025-01-29 19:50:13
17000.0;45;0;0;0;1;0;0;0;0;0;0;1;0;0;0;1;0;0;0;0;0;0;1;0;0;1;0;0;0;0;253305420;2025-01-29 19:50:13
38000.0;95;0;0;1;0;0;0;0;0;1;1;0;0;0;0;0;1;0;0;0;0;0;1;0;1;0;1;0;0;0;1061499468;2025-01-29 19:50:13
22000.0;69;0;0;0;1;1;0;0;0;1;0;1;0;0;0;1;0;0;0;0;0;0;1;0;1;0;1;0;1;0;4149813836;2025-01-29 19:50:13
17000.0;34;0;0;0;0;0;0;0;0;0;1;0;0;0;0;0;0;0;0;0;1;0;1;0;1;0;0;0;1;0;2931434060;2025-01-29 19:50:13
38000.0;95;0;0;1;0;0;0;0;0;1;1;0;0;0;0;0;1;0;0;0;0;0;1;0;1;0;1;0;0;1;2226790988;2025-01-29 19:50:13
14000.0;24;0;0;0;0;0;0;0;0;1;0;1;0;0;0;0;0;0;0;1;0;0;1;0;1;0;0;0;0;0;1373250124;2025-01-29 19:50:13
18000.0;56;0;0;0;0;0;0;0;0;0;1;0;0;0;0;1;0;0;0;0;0;0;1;0;1;0;1;0;0;1;898445900;2025-01-29 19:50:13
17000.0;46;1;0;1;0;0;0;0;1;1;0;0;0;0;0;0;0;0;0;0;1;0;1;0;0;0;0;0;1;0;2598052428;2025-01-29 20:01:00
22500.0;71;1;0;0;0;0;0;0;0;0;0;1;0;0;0;1;0;0;0;0;0;1;0;0;1;0;0;0;0;1;737878604;2025-01-29 20:01:00
22000.0;52;1;0;1;0;0;0;0;0;0;1;0;0;0;0;0;1;0;0;0;0;0;1;0;0;0;1;0;0;0;3521847884;2025-01-29 20:01:00
18000.0;47;1;0;1;0;0;0;0;0;1;0;1;0;0;0;1;0;0;0;0;0;0;1;0;1;0;0;0;1;0;2384142924;2025-01-29 20:01:00
30000.0;74;0;0;1;0;0;0;0;0;1;1;0;0;0;1;0;0;0;0;0;0;1;0;0;0;1;0;0;0;0;4135858764;2025-01-29 20:01:00
23000.0;66;1;0;1;0;0;0;1;0;1;0;0;0;0;0;0;0;0;0;0;1;0;1;0;0;1;0;0;0;0;4056166988;2025-01-29 20:01:00
39000.0;70;1;0;1;0;1;0;1;0;1;1;0;0;0;0;0;0;0;1;0;0;0;1;0;0;0;0;0;1;0;3506713164;2025-01-29 20:01:00
28500.0;86;1;1;1;0;1;0;0;0;0;1;0;0;0;0;0;0;0;0;1;0;1;0;0;1;0;0;0;0;1;3895734860;2025-01-29 20:01:00
20000.0;66;0;0;1;0;0;0;0;0;0;1;0;0;0;0;0;0;1;0;0;0;0;1;1;0;0;1;0;0;0;1683239500;2025-01-29 20:01:00
15000.0;27;0;0;0;0;1;0;0;0;1;1;0;0;0;0;1;0;0;0;0;0;0;1;0;1;0;0;0;0;0;2442474060;2025-01-29 20:01:00
31000.0;84;0;0;0;1;1;0;0;1;1;0;0;0;0;0;0;1;0;0;0;0;0;1;0;1;0;0;0;1;0;1317352012;2025-01-29 20:01:00
65000.0;116;1;1;0;0;1;0;0;0;0;1;0;0;0;0;1;0;0;0;0;0;0;1;0;0;0;0;0;0;0;1056387660;2025-01-29 20:01:00
16500.0;40;1;0;0;0;1;0;0;1;0;1;0;0;0;0;0;0;0;0;0;0;0;1;0;1;0;0;0;0;0;911553100;2025-01-29 20:01:00
25500.0;79;0;1;0;0;0;0;0;0;0;1;0;0;0;0;0;0;1;0;0;0;1;0;0;1;0;0;0;0;1;3482726988;2025-01-29 20:01:00
16000.0;53;0;0;0;0;0;0;0;0;0;1;0;0;0;0;1;0;0;0;0;0;0;1;0;1;0;1;0;0;0;280375884;2025-01-29 20:01:00
19000.0;46;0;0;1;0;0;0;0;0;0;0;0;0;0;0;0;1;0;0;0;0;0;1;0;1;0;0;0;0;1;583057996;2025-01-29 20:01:00
16000.0;42;0;1;0;0;0;0;0;0;1;1;0;0;0;0;0;0;0;0;0;0;0;1;0;1;0;0;0;1;0;1476801100;2025-01-29 20:01:00
16800.0;47;0;0;0;1;0;0;0;0;1;1;0;0;0;0;0;1;0;0;0;0;0;1;0;0;0;0;0;1;0;1748972108;2025-01-29 20:01:00
18000.0;53;0;0;0;0;1;0;0;0;0;0;1;0;0;0;0;0;0;0;0;0;0;1;0;1;0;1;0;0;0;612811340;2025-01-29 20:01:00
16500.0;41;0;0;0;0;0;0;0;0;0;1;0;0;0;1;0;0;0;0;0;0;1;0;0;1;0;0;0;0;0;709243468;2025-01-29 20:01:00
16000.0;41;0;0;0;0;1;0;0;0;0;0;1;0;0;0;1;0;0;0;0;0;0;1;1;0;0;1;0;0;0;2607166028;2025-01-29 20:01:00
22000.0;63;1;0;1;0;0;0;0;0;1;0;1;0;0;0;0;0;0;0;0;0;0;1;0;0;0;0;0;0;0;2281161292;2025-01-29 20:01:00
20000.0;47;1;0;0;0;1;0;0;0;0;1;0;0;0;0;0;0;0;0;0;0;0;1;0;0;0;0;0;1;0;127349324;2025-01-29 20:01:00
25000.0;60;1;0;0;0;0;0;0;0;0;1;0;0;0;0;0;0;0;0;0;0;0;1;0;0;0;0;0;0;0;3851891276;2025-01-29 20:01:00
38000.0;101;0;0;1;0;0;0;0;0;0;1;0;0;0;0;0;1;0;0;0;0;0;1;0;1;0;1;0;0;0;1804022348;2025-01-29 20:01:00
21000.0;55;0;0;0;1;1;0;0;0;1;0;1;0;0;0;1;0;0;0;0;0;0;1;0;1;0;0;0;1;0;2250715724;2025-01-29 20:01:00
19800.0;44;1;0;0;0;1;0;0;1;1;1;0;0;0;0;0;0;1;0;0;0;0;1;0;0;0;0;0;1;0;2036806220;2025-01-29 20:01:00
26000.0;71;0;1;0;0;0;0;0;0;0;1;0;0;1;0;0;0;0;0;0;0;0;1;0;1;0;0;0;0;0;336605772;2025-01-29 20:01:00
21000.0;36;0;0;0;0;0;0;0;0;0;0;1;0;0;0;0;1;0;0;0;0;0;1;0;1;0;0;0;0;0;2432709196;2025-01-29 20:01:00
19000.0;35;1;0;0;1;1;0;1;0;1;1;0;0;0;0;0;1;0;0;0;0;0;1;0;1;0;0;0;1;0;3427807820;2025-01-29 20:01:00
17500.0;63;0;0;0;0;0;0;0;0;0;1;0;0;0;0;0;0;0;0;0;1;1;0;0;1;0;0;0;0;0;1727083084;2025-01-29 20:01:00
21000.0;40;1;0;0;0;1;0;1;1;1;1;0;0;0;0;1;0;0;0;0;0;0;1;0;0;0;0;0;0;0;2121019980;2025-01-29 20:01:00
23500.0;67;1;0;1;0;1;0;0;0;0;1;0;0;0;0;1;0;0;0;0;0;0;1;0;0;0;0;0;0;0;2065379916;2025-01-29 20:01:00
14900.0;37;0;0;0;0;0;0;0;0;1;0;1;0;0;0;1;0;0;0;0;0;0;1;1;0;0;0;0;0;1;806560332;2025-01-29 20:01:00
6000.0;7;0;0;0;0;0;0;0;0;0;1;0;0;0;0;0;0;0;0;0;1;1;0;1;0;0;0;0;0;0;1687302732;2025-01-29 20:01:00
40000.0;97;0;0;0;0;0;0;0;1;1;1;0;0;1;0;0;0;0;0;0;0;0;1;0;1;0;0;0;1;0;2938233420;2025-01-29 20:01:00
89000.0;119;1;0;0;0;1;0;0;0;1;0;0;0;1;0;0;0;0;0;0;0;0;1;0;0;1;0;0;1;0;843616844;2025-01-29 20:01:00
42000.0;98;1;1;0;0;0;0;0;1;0;1;0;0;0;0;1;0;0;0;0;0;1;0;0;1;0;0;0;1;0;1839084108;2025-01-29 20:01:00
29500.0;92;0;0;1;0;0;0;0;0;0;1;0;0;1;0;0;0;0;0;0;0;0;1;1;0;0;1;0;0;0;1224880716;2025-01-29 20:01:00
23900.0;41;0;0;0;0;0;0;0;0;1;1;0;0;1;0;0;0;0;0;0;0;0;1;1;0;0;0;0;1;0;2924622412;2025-01-29 20:01:00
65000.0;156;1;1;0;0;1;0;0;1;0;0;0;0;0;0;0;1;0;0;0;0;1;0;0;0;0;0;0;1;0;3728880204;2025-01-29 20:01:00
17000.0;36;0;0;0;0;0;0;0;0;0;0;0;0;0;0;0;0;0;0;0;1;0;1;0;0;0;0;0;0;0;1887646284;2025-01-29 20:01:00
22000.0;76;0;0;0;0;0;0;0;0;0;1;0;0;0;0;0;0;0;0;0;1;1;0;0;0;0;1;0;1;0;2005086796;2025-01-29 20:01:00
9500.0;15;0;0;1;0;0;0;0;0;0;1;0;0;0;0;1;0;0;0;0;0;0;1;0;1;0;0;0;0;0;4009964108;2025-01-29 20:01:00
29000.0;54;0;1;0;0;1;0;1;1;1;1;0;0;0;0;0;0;1;0;0;0;0;1;0;0;0;0;0;0;0;2851848780;2025-01-29 20:01:00
46000.0;93;1;0;0;1;1;0;0;1;1;0;0;0;0;0;0;1;0;0;0;0;0;1;0;0;0;0;1;1;0;4082315852;2025-01-29 20:01:00
70000.0;200;0;1;0;0;0;0;0;0;1;1;0;1;0;0;0;0;0;0;0;0;0;1;0;1;0;1;0;1;0;4149060172;2025-01-29 20:01:00
18000.0;25;0;0;0;0;0;0;0;0;1;1;0;0;1;0;0;0;0;0;0;0;0;1;0;0;1;0;0;1;0;3318493772;2025-01-29 20:01:00
23500.0;42;0;1;0;0;0;0;0;0;1;1;0;0;0;0;0;0;1;0;0;0;0;1;0;1;0;1;0;0;0;3140235852;2025-01-29 20:01:00
15900.0;48;1;0;0;1;0;0;0;0;0;0;1;0;0;0;1;0;0;0;0;0;1;0;0;0;1;1;0;0;1;2292003404;2025-01-29 20:01:00
41500.0;63;0;0;1;0;0;0;0;1;1;1;0;0;1;0;0;0;0;0;0;0;0;1;0;0;0;0;0;1;0;1435316812;2025-01-29 20:01:00
36000.0;103;0;0;1;0;0;0;0;0;0;1;0;0;0;0;0;1;0;0;0;0;0;1;0;1;0;0;0;1;0;2522690124;2025-01-29 20:01:00
23000.0;54;0;0;1;0;1;0;1;1;1;1;0;0;0;0;0;0;0;0;0;1;0;1;0;1;0;0;0;0;1;2014196300;2025-01-29 20:01:00
19000.0;44;0;0;0;0;0;0;0;0;0;1;0;0;0;0;0;0;0;0;0;0;1;0;0;1;0;1;0;0;0;2822648396;2025-01-29 20:01:00
26000.0;61;0;0;1;0;1;0;1;1;1;1;0;0;0;0;1;0;0;0;0;0;0;1;0;0;0;0;0;0;1;3709809228;2025-01-29 20:01:00
20500.0;56;1;0;1;0;0;0;0;0;0;0;0;0;0;0;0;1;0;0;0;0;0;1;0;1;0;0;0;0;1;1838756428;2025-01-29 20:01:00
49000.0;155;1;0;1;0;1;0;0;1;1;1;0;0;0;0;1;0;0;0;0;0;0;1;0;0;0;1;0;0;0;3029254732;2025-01-29 20:01:00
25000.0;76;1;0;1;0;0;0;0;0;0;1;0;0;0;0;0;0;0;0;0;0;0;1;0;0;0;0;0;0;0;769208908;2025-01-29 20:01:00
16000.0;40;0;0;0;0;1;0;0;0;0;1;0;0;0;0;0;0;0;0;0;1;0;1;1;0;0;1;0;0;1;554250828;2025-01-29 20:01:00
45000.0;83;0;1;0;0;0;0;0;0;0;0;0;1;0;0;0;0;0;0;0;0;0;1;0;0;1;0;0;0;0;105661772;2025-01-29 20:01:00
19000.0;80;0;0;0;0;0;0;0;0;0;1;0;0;0;0;0;1;0;0;0;0;1;0;0;0;1;0;0;1;0;2989064780;2025-01-29 20:01:00
18000.0;42;0;0;0;0;0;0;0;0;1;0;1;0;0;0;0;0;0;0;1;0;0;1;0;1;0;0;0;1;0;3564315212;2025-01-29 20:01:00
20000.0;26;0;0;1;0;0;0;0;0;0;1;0;0;0;0;0;0;0;0;0;1;0;1;0;0;0;0;0;0;1;3013984844;2025-01-29 20:01:00
34000.0;103;0;1;1;0;1;0;0;0;1;1;0;0;0;0;0;0;1;0;0;0;0;1;0;1;0;0;0;1;0;3236282956;2025-01-29 20:01:00
24000.0;67;0;0;1;0;1;0;0;1;1;0;0;0;0;0;0;1;0;0;0;0;0;1;0;0;0;0;0;0;1;3561341516;2025-01-29 20:01:00
19800.0;69;0;0;0;1;0;0;0;0;1;1;0;0;0;0;0;1;0;0;0;0;0;1;0;0;0;0;0;1;0;1171432012;2025-01-29 20:01:00
21400.0;67;0;0;0;1;0;0;0;0;0;0;1;0;0;0;1;0;0;0;0;0;0;1;0;1;0;1;0;0;0;928432716;2025-01-29 20:01:00
15000.0;41;0;0;0;0;0;0;0;0;0;1;0;0;0;0;0;0;0;0;0;1;0;1;0;1;0;0;0;0;0;4232495692;2025-01-29 20:01:00
52500.0;101;0;0;0;0;0;0;0;0;1;1;0;0;1;0;0;0;0;0;0;0;0;1;0;0;1;1;0;1;0;1013432908;2025-01-29 20:01:00
29900.0;158;1;1;1;1;1;0;0;1;1;1;0;0;0;0;0;0;1;0;0;0;0;1;0;1;0;0;0;1;0;2100961868;2025-01-29 20:01:00
23000.0;55;1;1;1;0;1;0;0;1;0;1;0;0;0;0;0;0;0;0;0;1;0;1;0;1;0;0;0;0;0;2549137996;2025-01-29 20:01:00
28000.0;69;0;0;0;0;0;0;0;0;1;1;0;0;0;0;0;0;0;1;0;0;0;1;1;0;0;1;0;1;0;1687274060;2025-01-29 20:01:00
26500.0;62;1;1;0;0;1;0;1;0;1;0;0;0;0;1;0;0;0;0;0;0;1;0;0;0;0;0;0;0;1;4049650252;2025-01-29 20:01:00
18900.0;36;0;0;1;0;0;0;0;0;1;0;1;0;0;0;0;0;1;0;0;0;0;1;0;1;0;0;0;0;1;738447948;2025-01-29 20:01:00
37000.0;120;0;1;0;0;1;0;0;1;0;1;0;0;0;0;0;0;0;0;1;0;0;1;0;1;0;0;0;0;0;2492645964;2025-01-29 20:01:00
20400.0;18;0;0;0;0;0;0;0;0;0;1;0;0;0;0;1;0;0;0;0;0;1;0;0;0;1;0;0;1;0;1273152076;2025-01-29 20:01:00
31000.0;81;1;1;0;0;0;0;0;1;1;1;0;0;0;0;0;1;0;0;0;0;0;1;0;0;0;0;0;1;0;107340364;2025-01-29 20:01:00
21500.0;42;0;0;0;0;0;0;0;0;0;0;0;0;1;0;0;0;0;0;0;0;0;0;0;1;0;0;0;1;0;370983500;2025-01-29 20:01:00
26000.0;65;0;0;0;0;0;0;0;0;1;1;0;0;1;0;0;0;0;0;0;0;0;1;0;1;0;0;0;1;0;3917333068;2025-01-29 20:01:00
49999.0;112;0;0;0;0;1;0;0;0;0;0;0;0;0;0;0;0;0;0;1;0;0;1;0;0;1;1;0;0;0;2812203596;2025-01-29 20:01:00
21000.0;54;1;0;1;0;0;0;0;0;1;1;0;0;0;0;0;1;0;0;0;0;0;1;0;1;0;0;0;1;0;3300901452;2025-01-29 20:01:00
20000.0;29;1;0;0;1;0;0;0;0;0;0;1;0;0;1;0;0;0;0;0;0;0;1;0;0;0;0;0;0;0;2022359628;2025-01-29 20:01:00
20000.0;65;0;0;0;0;0;0;0;0;0;1;0;0;0;0;0;0;1;0;0;0;0;1;0;1;0;1;0;0;0;450609740;2025-01-29 20:01:00
25000.0;92;0;0;0;1;1;0;0;1;0;0;0;0;0;0;0;0;0;0;1;0;0;1;0;1;0;1;0;0;0;1660867148;2025-01-29 20:01:00
21000.0;42;0;0;1;0;0;0;1;0;1;1;0;0;0;0;0;0;0;0;0;0;0;1;0;0;0;0;0;1;0;1067766348;2025-01-29 20:01:00
17000.0;37;0;0;0;0;0;0;0;0;0;1;0;0;0;1;0;0;0;0;0;0;0;1;0;1;0;0;0;1;0;4119188044;2025-01-29 20:01:00
25000.0;67;0;0;0;0;0;0;0;0;0;1;0;0;0;1;0;0;0;0;0;0;0;1;1;0;0;0;0;0;0;1169609292;2025-01-29 20:01:00
25700.0;71;0;0;0;0;0;0;0;0;0;1;0;0;0;1;0;0;0;0;0;0;0;1;1;0;0;1;0;0;0;650564172;2025-01-29 20:01:00
19900.0;60;0;0;1;0;0;0;0;0;0;1;0;0;0;0;0;0;0;0;0;0;1;0;0;1;0;0;0;0;0;1819796044;2025-01-29 20:01:00
24000.0;70;0;0;0;1;1;0;1;1;1;0;0;0;0;0;0;1;0;0;0;0;0;1;0;0;0;0;0;0;1;1911673420;2025-01-29 20:01:00
38500.0;94;0;0;0;0;0;0;0;0;0;1;0;0;0;0;0;1;0;0;0;0;0;1;0;1;0;0;0;0;0;1989399116;2025-01-29 20:01:00
25900.0;71;1;0;1;0;0;0;1;0;1;1;0;0;0;0;0;1;0;0;0;0;0;1;0;0;0;0;0;0;0;754176588;2025-01-29 20:01:00
29999.0;34;1;0;1;0;1;0;0;0;0;0;0;0;0;0;1;0;0;0;0;0;0;1;0;0;0;0;0;0;0;3634160204;2025-01-29 20:01:00
18000.0;45;0;0;0;0;0;0;0;0;0;1;0;0;0;0;0;0;0;0;0;1;0;1;0;0;0;0;0;0;0;1159713356;2025-01-29 20:01:00
16900.0;27;0;0;0;0;0;0;0;0;0;1;0;1;0;0;0;0;0;0;0;0;0;1;0;0;1;0;0;0;0;683397708;2025-01-29 20:01:00
52187.2;106;1;1;0;0;1;0;0;1;1;0;0;0;0;0;0;1;0;0;0;0;0;1;0;0;0;0;0;1;0;2566251084;2025-01-29 20:01:00
52000.0;129;1;1;0;0;0;0;0;0;0;1;0;0;0;0;0;1;0;0;0;0;1;0;0;0;0;0;0;0;1;4289126988;2025-01-29 20:01:00
120000.0;118;1;1;0;0;1;0;0;0;1;0;0;0;0;0;1;0;0;0;0;0;0;1;0;0;0;0;0;1;0;2942558796;2025-01-29 20:01:00
50000.0;115;0;0;0;0;0;0;0;0;1;1;0;1;0;0;0;0;0;0;0;0;0;1;0;1;0;1;0;0;1;1594049868;2025-01-29 20:01:00
28000.0;44;0;0;1;0;1;0;0;1;1;1;0;0;0;0;1;0;0;0;0;0;0;1;0;0;0;0;0;1;0;2362045004;2025-01-29 20:01:00
7000.0;15;0;0;0;0;0;0;0;0;0;1;0;0;0;0;0;0;0;0;0;0;0;1;0;0;1;0;0;1;0;1887442252;2025-01-29 20:01:00
98000.0;150;0;0;1;0;0;0;0;0;1;1;0;0;1;0;0;0;0;0;0;0;0;1;1;0;0;1;0;1;0;1072489804;2025-01-29 20:01:00
34000.0;103;0;0;0;0;1;0;0;0;1;1;0;0;0;1;0;0;0;0;0;0;0;1;0;1;0;1;0;0;0;3657204300;2025-01-29 20:01:00
38000.0;128;1;0;1;0;0;0;0;1;1;0;0;0;0;0;0;0;0;0;0;0;0;1;0;1;0;1;0;0;0;3585585740;2025-01-29 20:01:00
23000.0;64;0;0;0;0;0;0;0;0;1;1;0;0;0;0;0;0;0;0;0;0;0;1;0;1;0;1;0;0;0;256660812;2025-01-29 20:01:00
27000.0;86;0;0;0;0;1;0;0;0;0;0;0;0;0;0;0;0;0;0;0;1;0;1;0;0;1;0;0;0;0;1787699788;2025-01-29 20:22:57
30000.0;93;1;1;0;0;1;0;0;0;1;1;0;0;0;0;0;0;0;0;0;0;0;1;0;0;0;0;0;0;1;2115445324;2025-01-30 15:20:23
24000.0;58;0;0;0;0;0;0;0;0;0;1;0;0;0;0;1;0;0;0;0;0;0;1;0;1;0;0;0;0;0;3977716300;2025-01-30 15:20:23
29900.0;64;0;0;0;0;0;0;0;0;1;1;0;0;0;0;0;0;0;1;0;0;1;0;0;0;0;0;0;1;0;1377247820;2025-01-30 15:20:23
25900.0;63;0;0;0;0;0;0;1;0;1;1;0;0;0;0;0;0;0;0;0;1;0;1;0;1;0;0;0;1;0;1241981516;2025-01-30 15:20:23
25000.0;63;0;0;0;1;0;0;0;0;1;0;1;0;0;0;1;0;0;0;0;0;0;1;0;0;1;1;0;0;1;4198965836;2025-01-30 15:20:23
15500.0;33;0;0;1;0;1;0;1;0;1;0;0;0;0;0;0;0;0;0;0;1;0;1;0;1;0;0;0;0;0;2356617804;2025-01-30 15:20:23
24000.0;57;0;0;1;1;0;0;1;1;1;0;0;0;0;1;0;0;0;0;0;0;0;1;0;0;0;0;0;0;0;2004296268;2025-01-30 15:20:23
17500.0;53;0;0;0;1;1;0;0;0;0;0;1;0;0;0;0;0;0;0;0;0;1;0;0;0;1;1;0;0;0;996614732;2025-01-30 15:20:23
23500.0;56;0;1;0;0;0;0;1;1;1;0;0;0;0;0;0;0;0;0;0;1;0;1;0;1;0;0;0;0;0;2875662924;2025-01-30 15:20:23
13500.0;50;0;0;0;0;0;0;0;0;0;1;0;0;0;1;0;0;0;0;0;0;0;1;0;1;0;1;0;0;0;3513197132;2025-01-30 15:20:23
34000.0;97;0;0;1;0;0;0;0;0;1;0;1;0;0;0;0;1;0;0;0;0;0;1;0;1;0;1;0;0;0;177218124;2025-01-30 15:20:23
29800.0;85;1;0;1;0;1;0;0;1;0;1;0;0;0;0;1;0;0;0;0;0;0;1;0;0;1;1;0;0;0;799023692;2025-01-30 15:20:23
25000.0;76;0;0;0;1;0;0;0;0;1;0;1;0;0;0;1;0;0;0;0;0;0;1;0;1;0;1;0;0;1;1102127692;2025-01-30 15:20:23
16000.0;33;0;0;0;0;0;0;0;0;0;1;0;0;0;0;0;0;1;0;0;0;0;1;0;1;0;0;0;0;0;3616547404;2025-01-30 15:20:23
8500.0;22;0;0;0;0;0;0;0;0;0;1;0;0;0;0;1;0;0;0;0;0;0;1;0;0;1;0;0;0;0;2259624524;2025-01-30 15:20:23
20000.0;45;0;1;0;0;1;0;0;0;0;0;0;0;0;0;0;1;0;0;0;0;0;1;0;0;0;0;0;0;0;1428079180;2025-01-30 15:20:23
78000.0;165;0;0;1;0;0;0;0;0;1;1;0;1;0;0;0;0;0;0;0;0;0;1;0;1;0;1;0;0;0;2286789196;2025-01-30 23:28:26
15500.0;31;0;0;0;0;0;0;0;0;0;1;0;1;0;0;0;0;0;0;0;0;0;1;1;0;0;0;0;0;0;2126979660;2025-01-30 23:28:26
12000.0;38;0;0;0;0;0;0;0;0;0;0;1;0;0;0;0;0;0;0;1;0;0;1;0;1;0;1;0;0;0;653730380;2025-01-30 23:28:26
35000.0;72;0;0;0;0;0;0;0;0;0;1;0;1;0;0;0;0;0;0;0;0;1;0;0;1;0;0;0;0;0;2230788684;2025-01-30 23:28:26
36000.0;150;0;0;0;0;0;0;0;0;1;1;0;0;0;0;0;0;0;1;0;0;0;1;1;0;0;1;0;0;0;2485199436;2025-01-30 23:28:26
17000.0;40;1;0;1;0;0;0;0;0;1;1;0;0;0;0;0;0;0;0;1;0;1;0;0;1;0;1;0;1;0;297804364;2025-01-30 23:28:26
18000.0;35;0;0;0;0;0;0;0;0;0;1;0;0;1;0;0;0;0;0;0;0;0;1;0;1;0;0;0;1;0;2855412300;2025-01-30 23:28:26
15000.0;33;1;0;0;0;1;0;0;1;1;0;0;0;0;0;1;0;0;0;0;0;1;0;0;0;0;0;0;0;0;2510758476;2025-01-30 23:28:26
18400.0;20;0;0;0;0;0;0;0;0;0;1;0;0;0;0;0;0;0;0;0;1;0;1;0;1;0;0;0;0;1;1573073484;2025-01-30 23:28:26
16990.0;46;0;0;0;0;0;0;0;1;1;1;0;0;0;0;0;0;0;0;0;1;1;0;0;0;0;0;0;0;0;3757584972;2025-01-30 23:28:26
21990.0;67;0;0;1;1;1;0;0;0;1;1;0;0;0;0;0;0;0;0;0;0;0;1;0;1;0;0;0;0;1;2707800652;2025-01-30 23:28:26
39990.0;94;1;1;0;0;1;0;0;1;1;1;0;0;0;0;0;0;1;0;0;0;1;0;0;0;0;0;0;0;0;2440282700;2025-01-30 23:28:26
25000.0;66;0;0;0;0;0;0;0;0;1;1;0;0;1;0;0;0;0;0;0;0;0;1;0;1;0;1;0;1;0;3758961996;2025-01-30 23:28:26
15000.0;31;0;0;0;1;1;0;0;1;1;1;0;0;0;0;0;0;0;0;0;0;0;1;0;0;0;0;0;0;0;3340055116;2025-01-29 17:40:05
