price;usable_area;parking_lots;terrace;balcony;loggia;cellar;ownership;low_energy;easy_access;garage;elevator;material_brick;material_panel;Prague_1;Prague_2;Prague_3;Prague_4;Prague_5;Prague_6;Prague_7;Prague_8;Prague_9;floor_ground;floor_above_ground;status_good;status_very_good;status_before_reconstruction;status_after_reconstruction;status_project;status_under_construction;kitchen_separately;ownership_private;nonresidential_unit
5150000;42;0;1;0;0;0;1;0;0;0;1;1;0;0;0;0;0;0;0;0;0;0;0;1;1;0;0;0;0;0;0;1;0
10750000;80;0;0;1;0;0;1;0;0;0;0;1;0;0;0;0;0;1;0;0;0;0;0;1;0;0;0;1;0;0;1;1;0
6670000;54;0;0;0;1;1;1;0;0;1;1;1;0;0;0;0;1;0;0;0;0;0;1;0;0;1;0;0;0;0;1;1;0
8390000;52;0;0;0;0;1;1;0;0;0;1;1;0;0;0;0;0;0;0;1;0;0;0;1;0;0;0;0;0;0;0;1;0
7950000;108;0;0;0;0;0;1;0;0;0;1;0;0;0;0;1;0;0;0;0;0;0;1;0;0;0;1;0;0;0;0;1;1
13490000;150;1;1;0;0;0;1;0;0;0;0;0;0;0;0;0;0;0;0;0;0;0;1;0;0;0;0;0;0;0;0;1;0
4750000;31;0;0;1;0;0;1;0;1;0;1;1;0;0;0;0;0;0;0;0;0;1;0;1;0;1;0;0;0;0;0;1;0
7900000;86;0;0;1;0;1;1;0;0;0;1;0;1;0;0;0;0;0;0;0;0;1;0;1;0;1;0;0;0;0;1;1;0
7790000;86;0;0;0;0;0;1;0;0;0;0;1;0;0;0;0;0;0;0;0;0;1;0;1;0;0;1;0;0;0;1;1;0
8599000;60;0;0;0;0;0;1;0;0;0;1;1;0;0;0;0;1;0;0;0;0;0;0;1;0;0;0;1;0;0;1;1;0
3750000;22;0;0;0;1;0;1;0;0;0;1;0;1;0;0;0;0;0;0;0;1;0;0;1;1;0;0;0;0;0;0;1;0
7600000;54;0;0;0;0;1;1;0;0;0;0;1;0;0;0;0;0;0;1;0;0;0;0;1;0;0;0;1;0;0;0;1;0
7000000;54;0;0;0;0;1;1;0;0;0;0;1;0;0;0;0;0;0;1;0;0;0;0;1;0;0;0;1;0;0;0;1;0
5998000;40;0;0;0;0;0;2;0;0;0;0;1;0;0;0;0;0;1;0;0;0;0;0;1;0;0;1;0;0;0;0;0;0
7199000;50;0;0;0;0;1;1;0;0;0;1;1;0;0;0;0;0;1;0;0;0;0;1;0;0;1;0;0;0;0;0;1;0
5500000;43;0;0;0;0;0;1;0;0;0;1;0;1;0;0;0;0;0;0;0;1;0;0;1;0;1;0;0;0;0;0;1;0
7500000;77;0;0;0;1;1;1;0;1;0;1;0;1;0;0;0;0;1;0;0;0;0;0;1;0;1;0;0;0;0;0;1;0
8950000;80;1;1;0;0;0;1;0;0;0;1;1;0;0;0;0;0;0;0;0;0;1;0;1;0;1;0;0;0;0;1;1;0
8750000;81;0;0;0;0;0;1;0;0;0;1;0;1;0;0;0;0;0;0;0;0;1;0;1;0;1;0;0;0;0;0;1;0
8309840;50;1;0;0;0;1;1;0;1;0;1;0;0;0;0;0;0;1;0;0;0;0;1;0;0;0;0;0;0;0;0;1;1
8127840;51;1;0;0;0;1;1;0;1;0;1;0;0;0;0;0;0;1;0;0;0;0;1;0;0;0;0;0;0;0;0;1;1
6440000;56;0;0;0;0;1;1;0;0;0;1;0;1;0;0;0;0;0;0;0;1;0;1;0;0;1;0;0;0;0;1;1;0
8000000;59;0;0;0;0;0;1;0;0;0;0;0;0;0;0;0;0;0;0;0;0;0;0;1;0;1;0;0;0;0;0;1;0
5650000;41;0;0;0;1;1;1;0;1;0;1;0;1;0;0;0;0;0;0;0;0;1;0;1;0;0;0;1;0;0;0;1;0
10499000;84;0;0;0;0;1;1;0;0;0;0;1;0;0;0;0;1;0;0;0;0;0;1;0;0;1;0;0;0;0;0;1;0
11400000;87;0;0;0;0;1;1;0;0;0;1;1;0;0;0;0;1;0;0;0;0;0;0;1;0;1;0;0;0;0;0;1;0
5750000;40;0;0;0;0;0;1;0;0;0;1;1;0;0;0;0;0;0;0;0;0;1;0;1;1;0;0;0;0;0;0;1;0
5750000;46;0;0;0;0;0;1;0;0;0;1;1;0;0;0;0;0;0;0;0;0;1;0;1;0;0;0;1;0;0;0;1;0
9990000;85;0;0;0;1;1;1;0;0;0;1;0;1;0;0;0;1;0;0;0;0;0;0;1;0;0;0;1;0;0;1;1;0
13990000;60;0;1;0;0;0;1;0;1;0;0;1;0;0;0;0;0;0;0;0;1;0;1;0;0;1;0;0;0;0;1;1;0
9290000;79;0;0;0;1;1;1;0;1;0;1;0;1;0;0;0;1;0;0;0;0;0;0;1;0;0;0;1;0;0;0;1;0
7599000;72;0;0;0;1;1;1;0;0;0;0;0;1;0;0;0;0;1;0;0;0;0;0;1;0;1;0;0;0;0;1;1;0
6000000;40;0;0;0;0;1;1;0;0;0;0;1;0;0;0;0;1;0;0;0;0;0;0;1;0;1;0;0;0;0;0;1;0
11990000;69;1;1;0;0;1;1;0;0;0;1;1;0;0;0;0;0;1;0;0;0;0;0;1;0;1;0;0;0;0;0;1;0
19580000;122;1;1;0;0;1;1;0;0;0;0;1;0;0;0;0;0;0;1;0;0;0;0;1;0;0;0;1;0;0;0;1;0
17490000;109;1;1;0;1;0;1;0;1;1;1;0;0;0;0;0;0;0;0;0;1;0;0;1;0;0;0;1;0;0;0;1;0
23800000;120;0;1;0;0;1;1;0;0;0;1;1;0;0;0;0;0;0;0;1;0;0;0;1;0;1;0;0;0;0;0;1;0
7699000;68;1;0;0;1;1;1;0;0;0;1;0;1;0;0;0;1;0;0;0;0;0;0;1;0;1;0;0;0;0;1;1;0
7150000;65;1;0;0;1;0;1;0;1;0;1;0;1;0;0;0;0;0;0;0;1;0;0;1;1;0;0;0;0;0;1;1;0
5400000;45;0;0;0;0;1;1;0;0;0;0;1;0;0;0;0;0;0;0;0;1;0;0;1;0;1;0;0;0;0;0;1;0
10490000;77;0;0;0;0;1;1;0;0;0;1;1;0;0;0;0;0;0;0;0;1;0;0;1;1;0;0;0;0;0;1;1;0
9499000;70;0;0;0;1;1;2;0;0;0;1;0;1;0;0;0;0;1;0;0;0;0;0;1;0;1;0;0;0;0;1;0;0
9990000;73;0;0;0;0;1;1;0;0;0;0;1;0;0;0;0;0;0;0;0;0;0;0;1;0;0;0;1;0;0;1;1;0
8990000;55;0;1;0;0;1;1;0;0;1;0;1;0;0;0;0;0;1;0;0;0;0;0;1;0;0;0;0;0;0;0;1;0
5800000;43;0;0;0;0;1;1;0;0;0;0;0;1;0;0;0;0;1;0;0;0;0;0;1;1;0;0;0;0;0;0;1;0
5500000;44;0;0;0;0;0;1;0;0;0;1;1;0;0;0;0;0;0;0;0;0;0;1;0;1;0;0;0;0;0;1;1;0
7990000;80;0;0;0;1;1;1;0;0;0;0;1;0;0;0;0;0;1;0;0;0;0;0;1;0;1;0;0;0;0;1;1;0
7990000;73;0;0;0;1;1;1;0;1;0;1;0;1;0;0;0;0;0;0;0;0;0;0;1;0;1;0;0;0;0;1;1;0
9290000;67;1;0;1;0;1;1;0;1;0;1;1;0;0;0;0;0;1;0;0;0;0;0;1;0;1;0;0;0;0;0;1;0
8490000;85;0;0;0;0;1;1;0;0;0;0;1;0;0;0;0;0;0;0;0;1;0;1;0;0;1;0;0;0;0;1;1;0
9490000;55;0;0;1;1;1;1;0;0;0;1;1;0;0;0;1;0;0;0;0;0;0;0;1;0;1;0;0;0;0;0;1;0
15000000;62;0;0;0;0;0;1;0;0;0;0;1;0;0;1;0;0;0;0;0;0;0;0;1;0;1;0;0;0;0;0;1;0
7030997;47;1;0;1;0;0;2;0;0;1;1;1;0;0;0;0;0;0;0;0;0;0;0;1;0;0;0;0;0;0;0;0;0
6490000;53;0;0;1;0;1;1;0;1;1;1;1;0;0;0;0;1;0;0;0;0;0;0;1;0;1;0;0;0;0;1;1;0
5690000;43;0;0;0;0;1;1;0;0;0;1;0;1;0;0;0;0;0;0;0;0;0;0;1;0;1;0;0;0;0;0;1;0
6490000;44;0;0;0;0;0;1;0;0;0;0;1;0;0;0;0;0;1;0;0;0;0;0;1;1;0;0;0;0;0;1;1;0
22000000;154;0;1;0;0;0;1;0;0;0;0;1;0;0;0;0;0;0;0;0;1;0;1;0;0;1;0;0;0;0;1;1;0
16900000;120;0;0;1;0;1;1;0;0;0;1;1;0;0;0;0;0;1;0;0;0;0;0;1;0;1;0;0;0;0;0;1;0
4880000;37;0;0;1;0;1;1;0;0;0;0;1;0;0;0;0;0;0;0;0;0;0;0;1;0;1;0;0;0;0;0;1;0
17600000;140;1;1;1;1;1;1;0;0;1;1;0;0;0;0;1;0;0;0;0;0;0;0;1;0;0;0;0;0;0;0;1;0
4649000;30;0;0;0;0;0;1;0;0;0;1;1;0;0;0;0;0;0;1;0;0;0;1;0;1;0;0;0;0;0;0;1;0
7350000;76;0;0;0;0;1;1;0;0;1;1;0;1;0;0;0;1;0;0;0;0;0;0;1;1;0;0;0;0;0;0;1;0
7900000;69;0;0;0;1;1;1;0;0;0;1;0;1;0;0;0;0;0;0;0;0;1;0;1;0;1;0;0;0;0;0;1;0
6776000;51;0;0;0;0;0;1;0;1;0;1;1;0;0;0;0;0;0;0;0;0;1;1;0;0;0;0;0;0;0;0;1;0
17990000;98;1;0;0;1;1;1;0;1;0;1;0;0;0;0;0;0;0;0;0;0;0;0;1;0;1;0;0;0;0;0;1;0
16900000;119;0;1;0;0;1;1;0;0;1;1;1;0;0;0;0;0;1;0;0;0;0;0;1;0;0;0;1;0;0;0;1;0
7900000;70;0;0;0;1;1;1;0;0;0;1;1;0;0;0;0;0;0;0;0;0;1;0;1;0;1;0;0;0;0;0;1;0
11900000;55;0;0;0;0;1;1;0;0;0;1;0;0;0;0;0;0;0;0;1;0;0;0;1;0;0;1;0;0;0;0;1;0
8200000;45;1;0;0;0;1;1;0;0;0;1;1;0;0;0;1;0;0;0;0;0;0;0;1;0;1;0;0;0;0;0;1;0
4870610;38;1;1;0;0;1;2;0;0;1;0;1;0;0;0;0;1;0;0;0;0;0;0;1;1;0;0;0;0;0;0;0;0
5490000;35;0;0;0;0;1;1;0;1;0;1;1;0;0;0;0;0;1;0;0;0;0;0;1;0;0;0;0;0;0;0;1;0
9790000;57;1;0;1;0;0;1;0;0;0;0;1;0;0;0;0;0;1;0;0;0;0;0;1;0;0;0;0;0;0;0;1;0
10490000;60;0;0;0;0;0;1;0;0;0;0;0;1;0;0;0;0;0;1;0;0;0;0;1;0;0;1;0;0;0;1;1;0
8500000;56;0;0;1;0;1;1;0;0;1;1;1;0;0;0;0;0;0;0;0;0;1;0;1;0;1;0;0;0;0;0;1;0
8700000;72;0;0;0;0;1;1;0;1;0;0;1;0;0;0;0;0;0;0;0;1;0;1;0;1;0;0;0;0;0;1;1;0
5990000;60;0;0;1;0;1;1;0;0;0;0;1;0;0;0;0;0;0;0;0;0;0;0;1;1;0;0;0;0;0;1;1;0
8950000;117;0;0;0;0;1;1;0;0;0;1;1;0;0;0;0;0;0;0;0;1;0;1;0;0;1;0;0;0;0;0;1;0
7980000;64;1;0;1;0;1;1;0;0;0;1;0;0;0;0;0;0;0;0;0;0;1;0;1;0;0;0;0;0;0;0;1;0
7490000;45;0;0;1;0;0;1;0;0;0;1;0;1;0;0;0;0;1;0;0;0;0;0;1;0;1;0;0;0;0;0;1;0
5612853;37;0;0;0;1;0;2;0;1;0;1;0;0;0;0;0;0;0;1;0;0;0;0;1;0;0;0;0;0;1;0;0;0
13343000;64;0;0;0;0;1;1;0;0;0;0;1;0;0;0;1;0;0;0;0;0;0;0;1;0;1;0;0;0;0;0;1;0
5998000;45;0;0;1;0;0;1;0;0;0;1;1;0;0;0;0;0;0;0;0;0;1;0;1;0;0;0;0;0;0;0;1;0
6890000;70;0;1;1;0;0;1;0;0;0;1;0;0;0;0;0;0;0;0;0;0;1;0;1;0;1;0;0;0;0;0;1;0
4500000;35;0;0;1;0;1;1;0;0;0;0;0;1;0;0;0;0;0;0;0;0;1;1;0;0;1;0;0;0;0;0;1;0
5800000;49;0;0;0;0;0;1;0;0;0;0;1;0;0;0;0;1;0;0;0;0;0;1;0;1;0;0;0;0;0;0;1;0
7700000;64;0;0;0;0;0;1;0;0;0;0;1;0;0;0;0;1;0;0;0;0;0;0;1;0;0;0;1;0;0;0;1;0
6990000;64;0;0;0;0;1;1;0;0;0;0;1;0;0;0;0;1;0;0;0;0;0;0;1;1;0;0;0;0;0;0;1;0
14990000;97;0;1;0;0;1;1;0;0;1;1;1;0;0;0;0;0;1;0;0;0;0;0;1;0;0;0;0;0;0;0;1;0
10800000;197;0;1;0;0;1;1;0;0;0;1;0;0;0;0;0;0;0;0;0;0;0;0;1;0;1;0;0;0;0;1;1;0
9850000;76;0;0;0;0;1;2;0;0;0;0;1;0;0;0;0;0;0;0;0;1;0;0;1;0;1;0;0;0;0;0;0;1
6690000;38;0;0;0;0;1;1;0;0;0;1;0;0;0;0;1;0;0;0;0;0;0;0;1;0;1;0;0;0;0;0;1;0
14495000;86;0;1;0;0;1;1;0;0;0;1;1;0;0;0;0;0;0;0;0;1;0;0;1;0;0;0;0;0;0;0;1;1
7950000;48;1;0;0;0;1;1;0;0;1;1;1;0;0;0;0;1;0;0;0;0;0;1;0;0;0;0;0;0;0;0;1;0
19300000;150;0;0;1;0;1;1;0;0;0;0;1;0;1;0;0;0;0;0;0;0;0;0;1;0;0;1;0;0;0;1;1;0
5500000;35;0;1;0;0;1;1;0;1;0;1;0;0;0;0;0;1;0;0;0;0;0;0;1;0;1;0;0;0;0;0;1;0
8500000;38;0;0;0;0;0;1;0;0;0;1;1;0;1;0;0;0;0;0;0;0;0;1;0;0;0;0;1;0;0;0;1;0
25000000;117;1;0;0;0;0;1;0;0;0;1;1;0;1;0;0;0;0;0;0;0;0;0;1;1;0;0;0;0;0;0;1;0
10200000;72;0;0;0;0;1;1;0;0;0;1;1;0;0;0;0;1;0;0;0;0;0;0;1;0;1;0;0;0;0;0;1;0
10500000;71;0;0;0;0;1;1;0;0;0;1;1;0;0;0;0;0;0;1;0;0;0;1;0;0;1;0;0;0;0;1;1;0
11987000;81;0;0;1;0;1;1;0;0;1;0;0;0;0;0;0;0;1;0;0;0;0;0;1;0;0;0;0;0;0;0;1;0
15900000;109;0;0;0;0;1;1;0;0;0;1;1;0;0;0;1;0;0;0;0;0;0;0;1;1;0;0;0;0;0;1;1;0
36300000;131;0;1;0;0;0;1;0;0;0;1;0;0;0;0;0;0;0;1;0;0;0;0;1;0;0;0;0;0;1;0;1;0
8199000;70;0;0;0;1;1;1;0;1;0;1;0;1;0;0;0;1;0;0;0;0;0;0;1;0;1;0;0;0;0;0;1;0
8549000;76;0;0;1;0;1;1;0;1;0;1;0;1;0;0;0;0;0;0;0;0;0;0;1;0;1;0;0;0;0;0;1;0
15490000;282;1;1;0;0;0;1;0;1;1;1;0;0;0;0;0;0;1;0;0;0;0;1;0;0;1;0;0;0;0;0;1;0
7549000;61;0;0;0;1;1;1;0;0;0;1;0;1;0;0;0;0;0;0;0;0;1;0;1;0;1;0;0;0;0;0;1;0
8490000;58;0;1;0;0;0;1;0;1;1;1;1;0;0;0;0;0;0;0;0;0;0;0;1;0;1;0;0;0;0;0;1;0
6199000;52;1;0;1;0;1;1;0;0;0;1;1;0;0;0;0;0;0;0;0;0;1;1;0;0;0;0;0;0;0;0;1;0
7077380;33;0;0;0;1;0;1;0;1;0;1;0;0;0;0;0;0;1;0;0;0;0;0;1;0;0;0;0;0;0;0;1;0
8970000;78;0;0;1;1;0;1;0;1;1;1;1;0;0;0;0;0;0;0;0;1;0;0;1;0;1;0;0;0;0;0;1;0
7590000;64;0;0;1;0;1;1;0;0;0;0;0;1;0;0;0;1;0;0;0;0;0;0;1;0;0;0;1;0;0;0;1;0
11830000;75;1;1;0;1;1;1;0;0;1;1;1;0;0;0;0;0;1;0;0;0;0;0;1;0;0;0;0;0;0;0;1;0
22973000;116;0;1;0;0;1;1;0;0;0;1;1;0;0;0;1;0;0;0;0;0;0;0;1;0;1;0;0;0;0;0;1;0
8100000;58;1;0;1;0;1;1;0;0;0;1;1;0;0;0;0;0;0;0;0;0;1;0;1;0;1;0;0;0;0;0;1;0
11445000;74;0;1;0;0;0;1;0;0;0;0;0;0;0;0;0;0;0;0;0;0;0;0;1;0;0;0;0;0;0;0;1;0
24000000;119;1;1;0;0;1;1;0;1;0;1;0;0;0;0;0;0;1;0;0;0;0;0;1;0;0;0;0;0;0;0;1;0
9900000;75;0;0;0;0;0;1;0;0;0;0;0;1;0;0;0;0;0;0;0;0;1;0;1;0;1;0;0;0;0;0;1;0
4990000;39;1;0;0;0;1;1;0;0;0;1;0;1;0;0;0;0;1;0;0;0;0;0;1;0;0;0;1;0;0;1;1;0
5630000;30;1;1;0;0;1;1;0;1;0;1;1;0;0;0;0;0;1;0;0;0;0;1;0;0;0;0;0;0;0;0;1;0
5490000;27;0;0;0;0;0;1;0;0;0;0;1;0;0;1;0;0;0;0;0;0;0;0;1;0;0;0;1;0;0;0;1;0
5950000;46;1;0;0;0;1;1;0;1;0;1;0;1;0;0;0;0;0;0;0;0;1;0;1;0;1;0;0;0;0;0;1;0
5450000;48;0;0;1;0;1;1;0;0;0;1;0;1;0;0;0;0;0;0;0;0;1;0;1;0;1;0;0;0;0;1;1;0
8750000;53;1;0;0;0;1;1;0;0;1;1;1;0;0;0;0;1;0;0;0;0;0;0;1;0;0;0;0;0;0;0;1;0
4500000;18;0;0;0;0;0;1;0;0;0;1;1;0;0;0;0;0;0;0;1;0;0;0;1;0;1;0;0;0;0;0;1;0
22400000;139;1;1;1;0;0;1;0;0;1;1;1;0;0;0;0;0;1;0;0;0;0;0;1;0;1;0;0;0;0;1;1;0
18990000;136;0;1;0;0;1;1;0;0;0;1;1;0;0;0;0;0;0;0;0;0;0;0;1;0;1;0;0;0;0;0;1;0
4543000;25;0;0;0;0;1;1;0;0;0;1;0;0;0;0;0;0;0;0;0;0;0;0;1;0;0;0;1;0;0;0;1;0
9490000;76;0;0;0;0;1;1;0;0;0;0;1;0;0;0;1;0;0;0;0;0;0;0;1;0;0;0;1;0;0;0;1;0
17990000;94;0;0;1;0;1;1;0;0;0;1;1;0;0;0;0;0;0;0;0;0;0;1;0;0;0;0;1;0;0;0;1;0
7640000;53;0;0;0;0;0;1;0;0;0;0;1;0;0;0;0;0;0;0;0;0;0;0;1;0;1;0;0;0;0;0;1;0
7290000;67;0;0;0;1;1;2;0;1;0;1;0;1;0;0;0;1;0;0;0;0;0;0;1;0;1;0;0;0;0;0;0;0
7900000;76;0;0;0;1;1;1;0;0;0;1;1;0;0;0;0;1;0;0;0;0;0;0;1;0;1;0;0;0;0;0;1;0
8280000;66;0;0;1;0;1;1;0;0;0;0;1;0;0;0;0;0;0;0;0;0;1;1;0;0;0;0;1;0;0;0;1;0
5390000;42;1;0;0;0;1;1;0;0;1;1;1;0;0;0;0;0;0;0;0;0;1;1;0;0;1;0;0;0;0;0;1;0
8290000;58;0;0;0;0;0;1;0;0;0;1;1;0;0;0;0;0;0;1;0;0;0;0;1;0;0;0;1;0;0;0;1;0
10216790;68;1;0;0;1;1;1;0;1;0;1;0;0;0;0;0;0;0;0;0;1;0;0;1;0;0;0;0;0;0;0;1;0
5195000;34;1;0;1;0;1;1;0;0;0;1;1;0;0;0;0;0;0;0;0;0;1;1;0;0;0;0;0;1;0;0;1;0
24990000;113;1;1;0;1;1;1;0;0;1;1;0;0;0;0;0;0;0;1;0;0;0;0;1;0;0;0;0;0;0;0;1;0
7408474;44;0;0;1;0;0;2;0;0;0;1;1;0;0;0;0;0;0;0;0;0;1;0;1;0;0;0;0;0;0;0;0;0
4890000;61;0;0;0;0;0;1;0;0;0;1;0;0;0;0;0;1;0;0;0;0;0;0;0;0;0;0;1;0;0;0;1;1
6450000;47;0;0;0;0;1;1;0;0;0;1;0;0;0;0;0;0;1;0;0;0;0;0;1;0;1;0;0;0;0;0;1;0
11450000;91;1;1;0;0;1;1;0;1;0;0;1;0;0;0;0;0;0;0;0;0;0;0;1;0;0;0;0;0;0;0;1;0
8087500;42;1;1;0;0;1;1;0;1;0;1;0;0;0;0;0;0;0;0;0;1;0;0;1;0;0;0;0;1;0;0;1;0
49000000;146;0;0;0;0;0;1;0;0;0;1;1;0;1;0;0;0;0;0;0;0;0;0;1;0;1;0;0;0;0;0;1;0
9480000;87;0;0;0;1;1;1;0;1;0;1;0;1;0;0;0;0;0;0;0;0;0;0;1;0;1;0;0;0;0;0;1;0
7990000;65;0;0;0;1;1;1;0;1;0;1;0;1;0;0;0;1;0;0;0;0;0;0;1;0;0;0;1;0;0;0;1;0
6450000;42;0;1;0;0;0;1;0;0;0;0;0;0;0;0;0;0;1;0;0;0;0;1;0;0;1;0;0;0;0;0;1;0
14390000;75;1;0;1;0;1;1;0;0;0;0;1;0;0;0;1;0;0;0;0;0;0;0;1;0;0;0;0;0;0;0;1;0
6492555;37;0;0;0;0;0;1;0;1;0;1;0;0;0;0;0;0;0;0;0;1;0;0;1;0;0;0;0;0;1;0;1;0
4989000;32;0;0;0;0;0;1;0;1;0;1;0;0;0;0;0;0;0;0;0;1;0;0;1;0;0;0;0;0;0;0;1;0
13874750;95;0;1;0;0;1;1;0;1;1;1;0;0;0;0;0;0;0;0;0;1;0;1;0;0;0;0;0;0;0;0;1;0
8806700;55;1;0;1;0;1;1;0;1;0;1;1;0;0;0;0;0;0;1;0;0;0;0;1;0;0;0;0;0;1;0;1;0
7589120;49;1;0;1;0;1;1;0;0;0;0;0;0;0;0;0;1;0;0;0;0;0;0;1;0;0;0;0;1;0;0;1;0
6900000;56;0;0;0;1;0;1;0;0;0;1;0;0;0;0;0;0;1;0;0;0;0;1;0;0;0;0;0;0;0;0;1;0
9130000;60;0;0;0;1;0;1;0;0;0;1;0;0;0;0;0;0;0;1;0;0;0;1;0;0;0;0;0;1;0;0;1;0
12490000;115;0;0;0;0;0;1;0;0;0;0;0;1;0;0;0;0;1;0;0;0;0;0;1;0;1;0;0;0;0;0;1;0
9790000;66;0;0;0;0;0;1;0;0;0;1;1;0;0;0;0;0;0;0;1;0;0;1;0;0;1;0;0;0;0;0;1;0
8700000;61;0;0;0;1;0;1;0;0;0;0;1;0;0;0;0;0;0;0;0;0;1;0;1;0;0;0;0;0;0;0;1;0
6000000;33;0;1;0;0;0;1;0;1;0;1;0;0;0;0;0;0;0;0;0;1;0;1;0;0;0;0;1;0;0;0;1;0
10303900;58;1;1;0;0;1;1;0;0;1;1;0;0;0;0;0;0;0;0;0;1;0;0;1;0;0;0;0;0;1;0;1;0
11961900;86;1;0;1;0;1;1;0;0;1;1;0;0;0;0;0;0;0;0;0;1;0;0;1;0;0;0;0;0;1;0;1;0
17637900;119;1;1;0;0;1;1;0;0;1;1;0;0;0;0;0;0;0;0;0;1;0;0;1;0;0;0;0;0;1;0;1;0
21799900;109;1;1;0;0;1;1;0;0;1;1;0;0;0;0;0;0;0;0;0;1;0;1;0;0;0;0;0;0;1;0;1;0
11500000;76;0;0;0;1;1;1;0;0;0;1;0;1;0;0;0;0;0;0;0;0;1;0;1;0;1;0;0;0;0;0;1;0
13300000;96;1;1;0;0;1;1;0;1;1;1;1;0;0;0;0;1;0;0;0;0;0;0;1;0;0;0;0;0;0;0;1;0
6042000;48;1;0;1;0;0;1;0;0;0;1;0;1;0;0;0;0;0;0;0;0;1;0;1;0;1;0;0;0;0;1;1;0
8730000;86;0;0;0;1;1;1;0;0;1;0;1;0;0;0;0;0;0;0;0;0;0;1;0;0;1;0;0;0;0;0;1;0
14504065;97;0;0;1;0;0;2;0;0;1;1;0;0;0;0;0;0;0;0;0;0;0;0;1;0;1;0;0;0;0;0;0;0
10490000;56;0;0;1;0;1;1;0;0;0;0;1;0;0;0;0;0;0;0;1;0;0;0;1;0;1;0;0;0;0;0;1;0
8990000;55;0;0;0;0;0;1;0;0;0;1;1;0;0;0;0;0;0;0;0;0;0;0;1;0;0;0;0;0;0;0;1;0
6200000;43;0;0;0;0;1;1;0;1;0;1;0;1;0;0;0;0;1;0;0;0;0;0;1;0;1;0;0;0;0;0;1;0
15500000;105;0;0;0;0;1;1;0;0;0;0;1;0;1;0;0;0;0;0;0;0;0;0;1;1;0;0;0;0;0;1;1;0
4500000;30;0;0;0;0;0;1;0;0;0;0;1;0;0;0;0;0;1;0;0;0;0;1;0;0;1;0;0;0;0;0;1;0
8490000;67;0;0;0;1;1;1;0;1;0;1;0;1;0;0;0;1;0;0;0;0;0;0;1;0;0;0;1;0;0;0;1;0
7290000;80;0;0;0;1;1;1;0;0;0;0;0;1;0;0;0;0;0;1;0;0;0;0;1;1;0;0;0;0;0;1;1;0
8990000;64;1;0;0;1;1;1;0;1;0;1;1;0;0;0;0;0;1;0;0;0;0;0;1;0;1;0;0;0;0;0;1;0
5450000;32;0;0;1;0;0;1;0;0;0;0;0;0;0;0;0;0;1;0;0;0;0;0;1;0;1;0;0;0;0;0;1;0
16632000;115;1;1;0;0;1;1;0;0;1;0;1;0;0;0;0;0;0;0;0;0;1;1;0;0;0;0;0;1;0;0;1;1
29500000;193;1;0;1;0;1;1;0;0;1;1;1;0;0;0;0;0;1;0;0;0;0;0;1;0;0;0;1;0;0;0;1;0
8316000;54;0;0;0;0;0;1;0;0;0;0;1;0;0;0;0;0;0;0;0;0;1;0;1;1;0;0;0;0;0;1;1;0
8950000;86;1;0;1;0;1;1;0;0;0;0;0;1;0;0;0;0;0;0;0;0;1;1;0;0;1;0;0;0;0;1;1;0
13500000;90;0;0;1;0;1;1;0;0;0;1;1;0;0;0;1;0;0;0;0;0;0;0;1;0;0;0;1;0;0;1;1;0
11990000;62;0;0;0;0;0;1;0;0;0;0;1;0;0;1;0;0;0;0;0;0;0;1;0;0;0;0;1;0;0;1;1;0
8364541;50;1;0;1;0;1;1;0;0;0;1;0;0;0;0;0;0;0;0;0;0;0;0;1;0;0;0;0;0;1;0;1;0
16400000;95;1;1;0;0;1;1;0;1;1;0;1;0;0;0;0;0;1;0;0;0;0;1;0;0;0;0;0;0;0;1;1;0
14850000;97;1;1;0;0;1;1;0;1;0;1;1;0;0;0;0;0;0;1;0;0;0;1;0;0;1;0;0;0;0;0;1;0
4388000;30;0;0;0;0;1;1;0;0;0;0;1;0;0;0;1;0;0;0;0;0;0;0;1;0;0;1;0;0;0;0;1;0
6399000;47;1;0;0;1;1;1;0;1;0;1;1;0;0;0;0;0;0;0;0;0;0;0;1;0;0;0;0;0;0;0;1;0
11148738;65;0;0;1;0;0;1;0;1;0;1;0;0;0;0;0;1;0;0;0;0;0;0;1;0;0;0;0;0;1;0;1;0
11772284;64;0;0;1;0;0;1;0;1;0;1;0;0;0;0;0;1;0;0;0;0;0;0;1;0;0;0;0;0;1;0;1;0
29900000;182;0;0;0;0;0;1;0;0;0;1;1;0;1;0;0;0;0;0;0;0;0;0;1;0;1;0;0;0;0;0;1;0
7985600;48;1;0;0;0;1;1;0;1;0;1;0;0;0;0;0;1;0;0;0;0;0;0;1;0;0;0;0;0;0;0;1;0
12982900;88;1;0;1;0;1;1;0;0;1;1;0;0;0;0;0;0;0;0;0;1;0;0;1;0;0;0;0;0;1;0;1;0
4899000;35;0;0;1;0;1;1;0;1;0;1;1;0;0;0;0;0;0;0;0;0;1;1;0;0;1;0;0;0;0;0;1;0
6990000;49;0;0;0;0;0;1;0;0;0;0;0;1;0;0;0;0;0;1;0;0;0;1;0;0;0;0;1;0;0;0;1;0
7650000;65;0;0;0;0;1;1;0;0;0;1;1;0;0;0;0;0;0;1;0;0;0;0;1;1;0;0;0;0;0;0;1;0
18000000;71;0;0;0;0;0;1;0;0;0;1;1;0;1;0;0;0;0;0;0;0;0;0;1;0;0;0;1;0;0;0;1;0
5590000;46;0;0;0;0;1;1;0;0;0;0;0;1;0;0;0;1;0;0;0;0;0;0;1;0;1;0;0;0;0;1;1;0
9950000;102;0;0;0;1;1;1;0;0;0;0;0;1;0;0;0;0;0;0;0;1;0;0;1;0;1;0;0;0;0;0;1;0
4950000;44;0;0;0;0;1;2;0;1;0;0;0;1;0;0;0;0;0;0;0;1;0;0;1;0;1;0;0;0;0;0;0;0
14490000;102;0;0;0;0;1;1;0;0;0;0;1;0;0;0;1;0;0;0;0;0;0;0;1;1;0;0;0;0;0;0;1;0
19990000;141;0;0;0;0;1;1;0;1;0;1;1;0;0;0;1;0;0;0;0;0;0;1;0;0;1;0;0;0;0;0;1;0
18600000;139;0;1;1;0;0;1;0;0;0;1;1;0;0;0;1;0;0;0;0;0;0;0;1;0;1;0;0;0;0;0;1;0
15900000;96;1;0;1;0;1;1;0;1;0;1;0;0;0;0;0;0;1;0;0;0;0;0;1;0;0;0;0;0;0;0;1;0
5004771;29;0;0;0;0;0;1;0;1;0;1;0;0;0;0;0;1;0;0;0;0;0;0;1;0;0;0;0;0;1;0;1;0
5535168;29;0;0;1;0;0;1;0;1;0;1;0;0;0;0;0;1;0;0;0;0;0;0;1;0;0;0;0;0;1;0;1;0
7000000;46;0;0;0;0;1;1;0;0;0;0;0;0;0;0;0;0;0;0;0;0;0;1;0;0;1;0;0;0;0;0;1;1
5200000;50;0;0;0;0;0;1;0;0;0;0;1;0;0;0;0;0;0;1;0;0;0;0;0;0;1;0;0;0;0;0;1;0
8259800;56;0;0;0;0;1;1;0;0;0;0;0;0;0;0;0;0;0;0;0;0;0;1;0;0;1;0;0;0;0;1;1;0
14000000;97;0;0;1;0;1;1;0;0;0;0;1;0;0;0;0;0;0;0;0;0;0;0;1;0;1;0;0;0;0;1;1;0
5190000;34;0;0;0;0;1;1;0;0;0;0;1;0;0;0;0;0;0;0;0;0;1;0;1;1;0;0;0;0;0;0;1;0
9199000;63;0;0;0;1;1;1;0;1;0;1;0;1;0;0;0;0;1;0;0;0;0;0;1;1;0;0;0;0;0;1;1;0
5490000;34;0;0;1;0;1;1;0;1;0;1;1;0;0;0;0;0;1;0;0;0;0;0;1;0;0;0;0;0;0;0;1;0
7200000;74;0;0;1;1;1;1;0;0;0;1;0;1;0;0;0;0;0;1;0;0;0;0;1;0;1;0;0;0;0;1;1;0
7990000;81;0;0;0;1;1;1;0;0;0;0;1;0;0;0;0;1;0;0;0;0;0;0;1;1;0;0;0;0;0;1;1;0
8290000;72;1;0;0;1;1;1;0;0;0;0;0;1;0;0;0;0;0;0;0;1;0;0;1;1;0;0;0;0;0;0;1;0
3750000;24;0;1;0;0;0;1;0;0;0;0;0;1;0;0;0;1;0;0;0;0;0;0;1;0;0;0;1;0;0;0;1;0
36400000;160;1;0;1;0;1;1;0;1;0;1;0;0;0;0;0;0;0;0;0;1;0;0;1;0;0;0;0;0;0;0;1;0
40999000;155;1;1;1;0;1;1;0;1;0;1;0;0;0;0;0;0;0;0;0;1;0;0;1;0;1;0;0;0;0;0;1;0
10400000;73;1;1;0;0;1;1;0;1;0;1;0;0;0;0;0;0;0;0;0;1;0;1;0;0;0;0;0;0;0;0;1;0
23500000;150;1;1;1;1;1;1;0;1;0;1;0;0;0;0;0;0;0;0;0;1;0;1;0;0;1;0;0;0;0;0;1;0
5600000;33;1;0;0;1;1;1;0;0;0;0;1;0;0;0;0;0;0;0;0;0;1;0;1;0;1;0;0;0;0;0;1;0
5790000;30;0;0;1;0;0;1;0;1;1;1;0;0;0;0;0;0;0;0;0;0;1;0;1;0;0;0;0;0;0;0;1;0
8300000;46;0;0;0;0;1;1;0;0;0;1;1;0;0;0;0;0;0;0;0;0;0;0;1;0;1;0;0;0;0;0;1;0
7950000;70;1;1;0;0;0;1;0;0;0;0;1;0;0;0;0;0;1;0;0;0;0;1;0;0;1;0;0;0;0;0;1;0
4920000;40;0;0;0;1;1;1;0;1;1;1;0;0;0;0;0;0;0;0;0;0;0;0;1;0;0;0;0;0;0;0;1;1
6200000;38;0;0;1;0;0;1;0;0;0;0;1;0;0;0;1;0;0;0;0;0;0;0;1;0;0;0;0;0;0;0;1;0
13914712;75;0;1;0;0;0;1;0;1;0;1;0;0;0;0;0;1;0;0;0;0;0;0;1;0;0;0;0;0;1;0;1;0
12999999;116;1;0;1;0;1;1;0;0;0;1;0;0;0;0;0;0;0;0;0;1;0;0;1;0;1;0;0;0;0;0;1;0
5436000;30;0;0;0;0;0;1;0;0;0;1;1;0;0;0;0;0;0;0;0;0;0;0;1;0;0;0;1;0;0;0;1;0
8140120;66;1;0;1;0;0;2;0;0;1;1;1;0;0;0;0;0;0;0;0;0;0;0;1;0;0;0;0;0;0;0;0;0
10893638;97;1;0;1;0;1;2;0;0;1;1;1;0;0;0;0;0;0;0;0;0;0;0;1;0;0;0;0;0;0;0;0;0
6250000;43;0;0;0;0;1;1;0;0;0;1;0;1;0;0;0;1;0;0;0;0;0;0;1;0;1;0;0;0;0;0;1;0
4999000;37;0;0;0;0;0;1;0;1;0;0;0;0;0;0;0;0;0;0;0;0;1;1;0;0;1;0;0;0;0;0;1;0
8900000;75;0;0;1;0;1;1;0;0;0;1;1;0;0;0;0;1;0;0;0;0;0;0;1;0;1;0;0;0;0;0;1;0
4600000;61;0;0;0;0;0;1;0;0;0;0;1;0;0;0;0;1;0;0;0;0;0;1;0;0;1;0;0;0;0;1;1;1
7790000;57;0;0;0;0;0;1;0;0;0;0;1;0;0;0;0;0;1;0;0;0;0;1;0;0;1;0;0;0;0;1;1;0
21500000;127;0;1;0;0;1;1;0;0;1;1;1;0;0;0;0;0;0;1;0;0;0;0;1;0;1;0;0;0;0;0;1;0
13128500;84;0;0;1;0;1;1;0;0;1;0;1;0;0;0;1;0;0;0;0;0;0;0;1;0;0;0;0;0;1;0;1;0
6190000;55;0;0;0;1;0;1;0;1;0;1;0;1;0;0;0;1;0;0;0;0;0;1;0;1;0;0;0;0;0;1;1;0
14500000;101;1;1;0;0;1;1;0;0;1;0;1;0;0;0;0;0;0;0;0;0;1;1;0;0;0;0;0;0;0;1;1;0
8100000;78;0;0;0;1;1;1;0;0;0;1;0;1;0;0;0;1;0;0;0;0;0;0;1;0;1;0;0;0;0;1;1;0
8103937;54;0;0;1;0;1;2;0;0;1;1;0;0;0;0;0;0;0;0;0;0;0;0;1;0;0;0;0;0;0;0;0;0
8664391;55;0;0;0;0;0;2;0;0;1;1;1;0;0;0;0;0;0;0;0;0;0;0;1;0;1;0;0;0;0;0;0;0
8500000;70;0;0;1;0;0;1;0;1;0;1;0;0;0;0;0;0;0;0;0;0;1;0;1;0;0;0;0;0;0;0;1;1
10908184;80;0;0;1;0;1;2;0;0;1;0;1;0;0;0;0;0;0;0;0;0;1;0;1;0;0;0;0;0;0;0;0;0
4717800;33;0;0;0;0;1;1;0;0;0;1;0;1;0;0;0;1;0;0;0;0;0;0;1;0;1;0;0;0;0;0;1;0
7990000;59;0;0;1;0;0;1;0;1;0;1;1;0;0;0;0;0;1;0;0;0;0;0;1;0;0;0;0;0;0;0;1;0
6900000;60;0;1;1;0;0;1;0;0;0;0;1;0;0;0;0;0;0;0;0;0;0;0;1;0;1;0;0;0;0;0;1;0
19200000;86;0;0;1;1;1;1;0;0;1;1;0;0;0;0;1;0;0;0;0;0;0;0;1;0;0;0;0;0;0;0;1;0
6500000;47;0;0;0;0;1;1;0;0;0;0;1;0;0;0;0;0;0;0;0;0;1;0;1;0;1;0;0;0;0;0;1;0
6690000;54;0;0;1;0;1;1;0;0;0;0;1;0;0;0;0;0;0;0;0;0;0;0;1;0;1;0;0;0;0;1;1;0
6750000;61;0;0;1;0;0;1;0;0;0;1;0;0;0;0;0;0;0;0;0;0;0;0;1;0;1;0;0;0;0;0;1;0
11890000;74;0;1;0;0;1;1;0;0;1;1;1;0;0;0;0;1;0;0;0;0;0;1;0;0;1;0;0;0;0;0;1;0
15400000;132;1;1;0;0;1;1;0;0;1;0;1;0;0;0;0;0;1;0;0;0;0;1;0;0;1;0;0;0;0;0;1;0
10555000;71;1;1;0;0;0;1;0;1;0;0;1;0;0;0;0;0;1;0;0;0;0;1;0;0;0;0;0;0;0;0;1;0
6552484;53;0;0;1;0;0;1;0;0;0;1;1;0;0;0;0;0;0;0;0;0;1;0;1;0;0;0;0;0;0;0;1;0
31900000;189;0;1;0;1;1;1;0;0;1;0;0;0;0;0;0;0;0;0;0;0;1;0;1;0;1;0;0;0;0;0;1;0
11990000;85;1;1;0;0;1;1;0;0;0;0;1;0;0;0;0;0;0;0;0;0;1;1;0;0;0;0;0;0;0;0;1;1
14900000;98;0;1;0;0;0;1;0;0;0;0;1;0;0;0;1;0;0;0;0;0;0;1;0;0;1;0;0;0;0;1;1;0
5490000;35;0;0;1;0;0;1;0;0;0;1;0;0;0;0;0;0;0;0;0;0;0;0;1;0;1;0;0;0;0;1;1;0
9076000;48;1;0;1;0;1;1;0;0;0;0;0;0;0;0;0;0;0;0;1;0;0;0;1;0;1;0;0;0;0;0;1;0
7608021;56;1;0;1;0;0;1;0;0;0;1;1;0;0;0;0;0;1;0;0;0;0;0;1;0;0;0;0;0;1;1;1;0
5900000;43;0;0;0;1;0;1;0;1;0;1;0;1;0;0;0;1;0;0;0;0;0;1;0;0;1;0;0;0;0;1;1;0
13980000;112;1;1;0;1;1;1;0;1;1;1;0;0;0;0;0;1;0;0;0;0;0;0;1;0;1;0;0;0;0;0;1;0
9840000;54;0;0;1;0;0;1;0;0;0;0;1;0;0;0;1;0;0;0;0;0;0;0;1;0;1;0;0;0;0;0;1;0
7500000;84;0;0;0;1;1;1;0;0;0;1;0;1;0;0;0;0;0;1;0;0;0;0;1;0;1;0;0;0;0;1;1;0
10990000;76;0;0;1;0;1;1;0;0;1;1;1;0;0;0;0;0;1;0;0;0;0;0;1;0;1;0;0;0;0;0;1;0
10438714;79;0;1;0;0;1;2;0;1;1;1;0;0;0;0;0;0;1;0;0;0;0;1;0;0;0;0;0;0;0;0;0;0
7150000;79;0;0;0;1;1;1;0;1;0;1;0;1;0;0;0;0;0;0;0;0;1;0;1;0;0;0;1;0;0;0;1;0
7800000;62;0;0;0;0;0;1;0;0;0;1;1;0;0;0;0;0;1;0;0;0;0;0;1;0;0;0;1;0;0;0;1;0
6649000;56;0;0;0;0;1;1;0;0;0;0;0;1;0;0;0;0;0;1;0;0;0;0;1;0;0;1;0;0;0;1;1;0
7500000;52;0;1;0;0;0;1;0;0;0;1;1;0;0;0;0;0;0;0;0;0;1;1;0;0;1;0;0;0;0;0;1;0
6990000;51;0;0;1;0;1;1;1;1;0;1;0;0;0;0;0;0;0;0;0;1;0;1;0;0;1;0;0;0;0;0;1;0
11990000;93;0;0;0;1;1;1;0;0;1;0;0;1;0;0;0;0;1;0;0;0;0;0;1;0;1;0;0;0;0;0;1;0
8000000;63;1;0;0;0;1;1;0;0;0;1;0;0;0;0;0;0;1;0;0;0;0;0;1;1;0;0;0;0;0;0;1;0
17750000;62;0;0;0;0;1;1;0;0;0;1;1;0;0;1;0;0;0;0;0;0;0;0;1;0;1;0;0;0;0;0;1;0
8341256;54;0;0;1;0;0;1;0;0;0;1;0;0;0;0;0;1;0;0;0;0;0;0;1;0;0;0;0;0;0;0;1;0
6890000;45;1;0;0;0;0;1;0;0;0;0;1;0;0;0;0;0;1;0;0;0;0;1;0;0;1;0;0;0;0;0;1;0
4998000;36;0;0;0;0;1;1;0;0;0;1;0;1;0;0;0;0;0;1;0;0;0;0;1;0;0;0;1;0;0;0;1;0
11399360;63;0;0;1;0;0;1;0;0;0;0;1;0;0;0;1;0;0;0;0;0;0;0;1;0;0;0;0;0;1;0;1;0
21569901;130;0;0;1;0;0;1;0;0;0;0;1;0;0;0;1;0;0;0;0;0;0;0;1;0;0;0;0;0;1;0;1;0
8361516;53;0;0;0;0;0;1;0;1;0;1;0;0;0;0;0;1;0;0;0;0;0;0;1;0;0;0;0;0;1;0;1;0
7299000;61;0;0;0;1;1;1;0;0;0;1;0;1;0;0;0;1;0;0;0;0;0;0;1;0;0;0;1;0;0;0;1;0
7090000;53;0;0;0;1;1;1;0;0;0;1;0;1;0;0;0;0;0;0;0;1;0;0;1;0;0;0;1;0;0;0;1;0
6999000;61;0;0;0;1;1;1;0;0;0;1;0;1;0;0;0;0;0;0;0;0;0;0;1;0;0;0;1;0;0;0;1;0
8900990;54;0;0;1;0;0;1;0;1;0;1;0;0;0;0;0;1;0;0;0;0;0;0;1;0;0;0;0;0;1;0;1;0
7069433;47;1;0;1;0;1;1;0;0;0;1;1;0;0;0;0;1;0;0;0;0;0;0;1;0;0;0;0;0;1;0;1;0
19900000;205;0;1;0;0;0;1;0;0;0;0;1;0;0;0;0;0;0;0;0;0;0;0;1;0;1;0;0;0;0;0;1;0
14600000;129;0;0;0;1;1;1;0;0;0;1;1;0;0;0;0;0;0;0;0;0;0;0;1;0;1;0;0;0;0;0;1;0
9295000;87;0;0;0;0;1;1;0;0;0;0;1;0;0;0;0;0;0;0;0;1;0;0;1;1;0;0;0;0;0;0;1;0
7999000;60;0;0;0;0;0;1;0;0;0;1;1;0;0;0;1;0;0;0;0;0;0;1;0;0;0;0;1;0;0;1;1;0
6497000;59;0;0;0;1;1;1;0;1;0;1;0;1;0;0;1;0;0;0;0;0;0;1;0;0;1;0;0;0;0;0;1;0
5914383;28;1;0;1;0;1;1;0;0;0;1;0;0;0;0;0;0;1;0;0;0;0;0;1;0;0;0;0;0;1;0;1;0
10000000;89;0;0;0;0;1;1;0;0;0;0;1;0;0;0;0;0;0;0;0;1;0;1;0;1;0;0;0;0;0;1;1;0
5990000;56;0;0;0;0;1;1;0;0;0;0;0;1;0;0;0;0;0;0;0;1;0;0;1;0;0;1;0;0;0;0;1;0
7690000;55;0;0;1;0;0;1;0;1;0;1;1;0;0;0;0;0;0;1;0;0;0;1;0;0;0;0;0;0;0;0;1;0
9700000;83;1;1;0;0;0;1;0;0;0;1;1;0;0;0;1;0;0;0;0;0;0;0;1;1;0;0;0;0;0;1;1;0
3200000;23;0;0;0;0;0;1;0;0;0;0;1;0;0;0;0;0;0;0;0;0;0;1;0;0;0;0;1;0;0;0;1;0
15250000;88;0;1;0;0;0;1;0;1;0;0;1;0;0;0;0;0;1;0;0;0;0;0;1;0;0;0;0;0;0;0;1;0
5700000;38;0;0;0;1;1;2;0;0;0;1;1;0;0;0;0;0;0;1;0;0;0;0;1;0;1;0;0;0;0;0;0;0
6890000;60;0;0;0;1;0;2;0;0;0;1;0;1;0;0;0;0;0;0;0;0;1;0;1;0;1;0;0;0;0;0;0;0
8075560;64;1;0;1;0;0;1;0;1;0;1;1;0;0;0;0;0;0;0;0;0;1;0;1;0;0;0;0;0;0;0;1;0
10067867;68;1;0;1;0;1;1;0;0;0;1;0;0;0;0;0;1;0;0;0;0;0;0;1;0;0;0;0;0;1;0;1;0
8990000;72;0;0;0;1;1;1;0;0;0;0;0;1;0;0;0;0;0;0;0;0;0;0;1;0;0;0;1;0;0;0;1;0
5800000;37;0;0;1;0;0;1;0;0;0;1;0;0;0;0;0;0;1;0;0;0;0;0;1;0;0;0;0;0;0;0;1;0
3990000;29;0;0;0;0;1;1;0;0;0;0;1;0;0;0;1;0;0;0;0;0;0;0;1;1;0;0;0;0;0;0;1;0
7300000;51;0;0;0;0;1;1;0;0;0;0;1;0;0;0;0;0;0;1;0;0;0;0;1;0;0;1;0;0;0;0;1;0
5250000;42;0;1;0;0;0;1;0;0;0;1;1;0;0;0;0;0;0;0;0;0;0;0;1;1;0;0;0;0;0;0;1;0
12100000;80;1;0;1;1;0;1;0;1;1;1;1;0;0;0;0;0;0;1;0;0;0;0;1;0;0;0;0;0;0;0;1;0
4490000;37;0;0;0;0;0;1;0;0;0;0;1;0;0;0;0;1;0;0;0;0;0;0;1;0;0;0;1;0;0;1;1;0
12990000;92;1;1;0;0;1;1;0;0;0;0;1;0;0;0;0;0;0;0;0;0;1;1;0;0;0;0;0;0;0;0;1;1
4600000;52;0;0;0;0;0;1;0;0;0;0;1;0;1;0;0;0;0;0;0;0;0;0;1;1;0;0;0;0;0;0;1;0
9490000;55;0;0;1;1;1;1;0;0;0;1;1;0;0;0;1;0;0;0;0;0;0;0;1;0;1;0;0;0;0;0;1;0
